phase,epoch,loss,disc_dice,cup_dice,cdr_mae,n_images,n_batches,elapsed_seconds,max_batches,condition,train_fraction,model_name,encoder_name,source_strategy_name,component_strategies,source_checkpoint_epoch,image_size,batch_size,learning_rate,weight_decay,clinical_training_rows_used,clinical_training_groups_used,clinical_validation_rows_used,clinical_validation_groups_used,clinical_validation_mean_foreground_dice
train,1,0.4482021853327751,0.5051969677151646,0.538494699797797,0.2704720458807066,16,4,2.6112453030000324,,clinical_adapt_25pct,0.25,unetplusplus,resnet18,combo_affine_vignette_blur,small_affine;vignette_illumination;defocus_blur,24,"(256, 256)",4,3e-05,0.0001,16,3,4,3,
val,1,0.5418274402618408,0.1131569667588226,0.3202301221443363,0.2854044956364151,4,1,0.5210493719969236,,clinical_adapt_25pct,0.25,unetplusplus,resnet18,combo_affine_vignette_blur,small_affine;vignette_illumination;defocus_blur,24,"(256, 256)",4,3e-05,0.0001,16,3,4,3,0.2166935444515794
train,2,0.2476870007812976,0.5358398020959223,0.5812551810636325,0.4049796642836698,16,4,0.7132779879975715,,clinical_adapt_25pct,0.25,unetplusplus,resnet18,combo_affine_vignette_blur,small_affine;vignette_illumination;defocus_blur,24,"(256, 256)",4,3e-05,0.0001,16,3,4,3,
val,2,0.5317020416259766,0.1180089078893663,0.2948800426695869,0.4977457658702223,4,1,0.4123253489997296,,clinical_adapt_25pct,0.25,unetplusplus,resnet18,combo_affine_vignette_blur,small_affine;vignette_illumination;defocus_blur,24,"(256, 256)",4,3e-05,0.0001,16,3,4,3,0.2064444752794766
train,3,0.2038134783506393,0.5669716753094863,0.6150086134664582,0.2804592716660962,16,4,0.6262822700009565,,clinical_adapt_25pct,0.25,unetplusplus,resnet18,combo_affine_vignette_blur,small_affine;vignette_illumination;defocus_blur,24,"(256, 256)",4,3e-05,0.0001,16,3,4,3,
val,3,0.5122431516647339,0.134150429722057,0.2778534912914768,0.4874507198825886,4,1,0.4684182329983741,,clinical_adapt_25pct,0.25,unetplusplus,resnet18,combo_affine_vignette_blur,small_affine;vignette_illumination;defocus_blur,24,"(256, 256)",4,3e-05,0.0001,16,3,4,3,0.2060019605067669
train,4,0.173949921503663,0.5994676614308572,0.6758221201618126,0.2301423023842932,16,4,0.631588306001504,,clinical_adapt_25pct,0.25,unetplusplus,resnet18,combo_affine_vignette_blur,small_affine;vignette_illumination;defocus_blur,24,"(256, 256)",4,3e-05,0.0001,16,3,4,3,
val,4,0.4844221770763397,0.1388833462257305,0.2765018544485176,0.4291384664197529,4,1,0.4259239399980288,,clinical_adapt_25pct,0.25,unetplusplus,resnet18,combo_affine_vignette_blur,small_affine;vignette_illumination;defocus_blur,24,"(256, 256)",4,3e-05,0.0001,16,3,4,3,0.207692600337124
train,5,0.1398630812764167,0.6336573804585472,0.7181112449635676,0.1415996108656526,16,4,0.6305082919971028,,clinical_adapt_25pct,0.25,unetplusplus,resnet18,combo_affine_vignette_blur,small_affine;vignette_illumination;defocus_blur,24,"(256, 256)",4,3e-05,0.0001,16,3,4,3,
val,5,0.4327242970466614,0.1803879502083683,0.3691918714702638,0.1845461761726663,4,1,0.4176880060003896,,clinical_adapt_25pct,0.25,unetplusplus,resnet18,combo_affine_vignette_blur,small_affine;vignette_illumination;defocus_blur,24,"(256, 256)",4,3e-05,0.0001,16,3,4,3,0.274789910839316
train,6,0.1317885909229517,0.6534679114132851,0.6798164565595533,0.2155909691665708,16,4,0.6737976119984523,,clinical_adapt_25pct,0.25,unetplusplus,resnet18,combo_affine_vignette_blur,small_affine;vignette_illumination;defocus_blur,24,"(256, 256)",4,3e-05,0.0001,16,3,4,3,
val,6,0.4123475253582001,0.2155818236523807,0.4117794050634416,0.1731406810035842,4,1,0.4228053529986937,,clinical_adapt_25pct,0.25,unetplusplus,resnet18,combo_affine_vignette_blur,small_affine;vignette_illumination;defocus_blur,24,"(256, 256)",4,3e-05,0.0001,16,3,4,3,0.3136806143579111
train,7,0.0968671068549156,0.6943809862528433,0.7869223185390025,0.1464123057439877,16,4,0.7028849729977082,,clinical_adapt_25pct,0.25,unetplusplus,resnet18,combo_affine_vignette_blur,small_affine;vignette_illumination;defocus_blur,24,"(256, 256)",4,3e-05,0.0001,16,3,4,3,
val,7,0.3880068957805633,0.2455966525817223,0.4383521168292077,0.1513152841781873,4,1,0.4217870380016393,,clinical_adapt_25pct,0.25,unetplusplus,resnet18,combo_affine_vignette_blur,small_affine;vignette_illumination;defocus_blur,24,"(256, 256)",4,3e-05,0.0001,16,3,4,3,0.341974384705465
train,8,0.0819658804684877,0.6945190662296532,0.8030670896678954,0.0664732354561978,16,4,0.6244782979993033,,clinical_adapt_25pct,0.25,unetplusplus,resnet18,combo_affine_vignette_blur,small_affine;vignette_illumination;defocus_blur,24,"(256, 256)",4,3e-05,0.0001,16,3,4,3,
val,8,0.3830548822879791,0.2418618035510236,0.4415282695353539,0.1445498050336759,4,1,0.416534910997143,,clinical_adapt_25pct,0.25,unetplusplus,resnet18,combo_affine_vignette_blur,small_affine;vignette_illumination;defocus_blur,24,"(256, 256)",4,3e-05,0.0001,16,3,4,3,0.3416950365431888
train,9,0.0778553765267133,0.7121840703945087,0.8192652255803138,0.0591294391551616,16,4,0.828461632001563,,clinical_adapt_25pct,0.25,unetplusplus,resnet18,combo_affine_vignette_blur,small_affine;vignette_illumination;defocus_blur,24,"(256, 256)",4,3e-05,0.0001,16,3,4,3,
val,9,0.3896133005619049,0.236927734781807,0.4274390428126366,0.143634054117925,4,1,0.4448232670001744,,clinical_adapt_25pct,0.25,unetplusplus,resnet18,combo_affine_vignette_blur,small_affine;vignette_illumination;defocus_blur,24,"(256, 256)",4,3e-05,0.0001,16,3,4,3,0.3321833887972218
train,10,0.0858854902908206,0.7244395732173027,0.8174595848232299,0.060496190555141,16,4,0.7682786660006968,,clinical_adapt_25pct,0.25,unetplusplus,resnet18,combo_affine_vignette_blur,small_affine;vignette_illumination;defocus_blur,24,"(256, 256)",4,3e-05,0.0001,16,3,4,3,
val,10,0.4036712050437927,0.2269409243956262,0.4029399989903481,0.1485180590019299,4,1,0.4264303169984487,,clinical_adapt_25pct,0.25,unetplusplus,resnet18,combo_affine_vignette_blur,small_affine;vignette_illumination;defocus_blur,24,"(256, 256)",4,3e-05,0.0001,16,3,4,3,0.3149404616929872
train,11,0.0672377301380038,0.7286687455435976,0.8284808598965198,0.0547790742486417,16,4,0.638146807999874,,clinical_adapt_25pct,0.25,unetplusplus,resnet18,combo_affine_vignette_blur,small_affine;vignette_illumination;defocus_blur,24,"(256, 256)",4,3e-05,0.0001,16,3,4,3,
val,11,0.4199894070625305,0.2169650365606004,0.3772076978147538,0.1636415157920534,4,1,0.4296969030001492,,clinical_adapt_25pct,0.25,unetplusplus,resnet18,combo_affine_vignette_blur,small_affine;vignette_illumination;defocus_blur,24,"(256, 256)",4,3e-05,0.0001,16,3,4,3,0.2970863671876771
train,12,0.0629335502162575,0.729234094784385,0.8343217425554782,0.0464954043013336,16,4,0.6342642249983328,,clinical_adapt_25pct,0.25,unetplusplus,resnet18,combo_affine_vignette_blur,small_affine;vignette_illumination;defocus_blur,24,"(256, 256)",4,3e-05,0.0001,16,3,4,3,
val,12,0.4289699494838714,0.1977830772295647,0.378936068600467,0.1312753982810083,4,1,0.4222505860016099,,clinical_adapt_25pct,0.25,unetplusplus,resnet18,combo_affine_vignette_blur,small_affine;vignette_illumination;defocus_blur,24,"(256, 256)",4,3e-05,0.0001,16,3,4,3,0.2883595729150159
train,13,0.0706852907314896,0.711657850997778,0.8344944768160373,0.0940799755715665,16,4,0.6586446369983605,,clinical_adapt_25pct,0.25,unetplusplus,resnet18,combo_affine_vignette_blur,small_affine;vignette_illumination;defocus_blur,24,"(256, 256)",4,3e-05,0.0001,16,3,4,3,
val,13,0.4269521236419678,0.1882331651642972,0.3872445478186463,0.2984565487107563,4,1,0.4175275870002224,,clinical_adapt_25pct,0.25,unetplusplus,resnet18,combo_affine_vignette_blur,small_affine;vignette_illumination;defocus_blur,24,"(256, 256)",4,3e-05,0.0001,16,3,4,3,0.2877388564914718
train,14,0.0560373626649379,0.7458106857321918,0.8425932616501838,0.0503359443324282,16,4,0.7511160419999214,,clinical_adapt_25pct,0.25,unetplusplus,resnet18,combo_affine_vignette_blur,small_affine;vignette_illumination;defocus_blur,24,"(256, 256)",4,3e-05,0.0001,16,3,4,3,
val,14,0.4466817080974579,0.1694099270746165,0.3625477640688928,0.1618824723663433,4,1,0.425868790000095,,clinical_adapt_25pct,0.25,unetplusplus,resnet18,combo_affine_vignette_blur,small_affine;vignette_illumination;defocus_blur,24,"(256, 256)",4,3e-05,0.0001,16,3,4,3,0.2659788455717546
train,15,0.0672251107171177,0.7300462134102552,0.8450395592063457,0.0573973857420988,16,4,0.6313008369979798,,clinical_adapt_25pct,0.25,unetplusplus,resnet18,combo_affine_vignette_blur,small_affine;vignette_illumination;defocus_blur,24,"(256, 256)",4,3e-05,0.0001,16,3,4,3,
val,15,0.4742232859134674,0.1615582593724185,0.3155632479846986,0.2301419906258615,4,1,0.4559783969998534,,clinical_adapt_25pct,0.25,unetplusplus,resnet18,combo_affine_vignette_blur,small_affine;vignette_illumination;defocus_blur,24,"(256, 256)",4,3e-05,0.0001,16,3,4,3,0.2385607536785585
train,16,0.0525329848751425,0.7230939040256426,0.8489338212221652,0.0466395355591176,16,4,0.6574196130022756,,clinical_adapt_25pct,0.25,unetplusplus,resnet18,combo_affine_vignette_blur,small_affine;vignette_illumination;defocus_blur,24,"(256, 256)",4,3e-05,0.0001,16,3,4,3,
val,16,0.4662159085273742,0.1623516665779107,0.3307606219113381,0.1634753239591948,4,1,0.4204307540021545,,clinical_adapt_25pct,0.25,unetplusplus,resnet18,combo_affine_vignette_blur,small_affine;vignette_illumination;defocus_blur,24,"(256, 256)",4,3e-05,0.0001,16,3,4,3,0.2465561442446244
train,17,0.0578641365282237,0.7307933912169263,0.8467232749372512,0.0477039785495942,16,4,0.7337617880002654,,clinical_adapt_25pct,0.25,unetplusplus,resnet18,combo_affine_vignette_blur,small_affine;vignette_illumination;defocus_blur,24,"(256, 256)",4,3e-05,0.0001,16,3,4,3,
val,17,0.4571208655834198,0.1518170685514861,0.3546743108690293,0.1344678579952072,4,1,0.4208737920016574,,clinical_adapt_25pct,0.25,unetplusplus,resnet18,combo_affine_vignette_blur,small_affine;vignette_illumination;defocus_blur,24,"(256, 256)",4,3e-05,0.0001,16,3,4,3,0.2532456897102577
train,18,0.0586193217895925,0.743814013252756,0.8426541962235957,0.0682243216575261,16,4,0.747442437997961,,clinical_adapt_25pct,0.25,unetplusplus,resnet18,combo_affine_vignette_blur,small_affine;vignette_illumination;defocus_blur,24,"(256, 256)",4,3e-05,0.0001,16,3,4,3,
val,18,0.4332347214221954,0.1702743248090201,0.3983047608316141,0.3015334717876793,4,1,0.418371133000619,,clinical_adapt_25pct,0.25,unetplusplus,resnet18,combo_affine_vignette_blur,small_affine;vignette_illumination;defocus_blur,24,"(256, 256)",4,3e-05,0.0001,16,3,4,3,0.2842895428203171
train,19,0.0516058122739195,0.7383889222929947,0.8455401674419433,0.0469251931852684,16,4,0.7693247909992351,,clinical_adapt_25pct,0.25,unetplusplus,resnet18,combo_affine_vignette_blur,small_affine;vignette_illumination;defocus_blur,24,"(256, 256)",4,3e-05,0.0001,16,3,4,3,
val,19,0.4205224514007568,0.1809113753035718,0.4195252958715159,0.3005231596360628,4,1,0.4306694189981499,,clinical_adapt_25pct,0.25,unetplusplus,resnet18,combo_affine_vignette_blur,small_affine;vignette_illumination;defocus_blur,24,"(256, 256)",4,3e-05,0.0001,16,3,4,3,0.3002183355875438
train,20,0.0494725313037633,0.7386321844901629,0.8495251402765304,0.0432671886197198,16,4,0.6736122219990648,,clinical_adapt_25pct,0.25,unetplusplus,resnet18,combo_affine_vignette_blur,small_affine;vignette_illumination;defocus_blur,24,"(256, 256)",4,3e-05,0.0001,16,3,4,3,
val,20,0.4236828982830047,0.1774815359160357,0.4112114015996653,0.2919180871722947,4,1,0.4139500520032015,,clinical_adapt_25pct,0.25,unetplusplus,resnet18,combo_affine_vignette_blur,small_affine;vignette_illumination;defocus_blur,24,"(256, 256)",4,3e-05,0.0001,16,3,4,3,0.2943464687578505
train,21,0.0465744445100426,0.7593488507876172,0.8504182115703612,0.0857732142922289,16,4,0.734725943999365,,clinical_adapt_25pct,0.25,unetplusplus,resnet18,combo_affine_vignette_blur,small_affine;vignette_illumination;defocus_blur,24,"(256, 256)",4,3e-05,0.0001,16,3,4,3,
val,21,0.4293177723884582,0.177273919899767,0.3983905889904875,0.2919180871722947,4,1,0.4672596580021491,,clinical_adapt_25pct,0.25,unetplusplus,resnet18,combo_affine_vignette_blur,small_affine;vignette_illumination;defocus_blur,24,"(256, 256)",4,3e-05,0.0001,16,3,4,3,0.2878322544451273
train,22,0.0531889856792986,0.7691021347216049,0.8441604503005534,0.0839390848180438,16,4,0.6971322580029664,,clinical_adapt_25pct,0.25,unetplusplus,resnet18,combo_affine_vignette_blur,small_affine;vignette_illumination;defocus_blur,24,"(256, 256)",4,3e-05,0.0001,16,3,4,3,
val,22,0.4125914275646209,0.1978181135848218,0.4141752202093798,0.316677005789909,4,1,0.4196399380016373,,clinical_adapt_25pct,0.25,unetplusplus,resnet18,combo_affine_vignette_blur,small_affine;vignette_illumination;defocus_blur,24,"(256, 256)",4,3e-05,0.0001,16,3,4,3,0.3059966668971008
train,23,0.0571025190874934,0.7728428618471093,0.8474387169390708,0.0942625421778926,16,4,0.6649279000012029,,clinical_adapt_25pct,0.25,unetplusplus,resnet18,combo_affine_vignette_blur,small_affine;vignette_illumination;defocus_blur,24,"(256, 256)",4,3e-05,0.0001,16,3,4,3,
val,23,0.4093482196331024,0.1959168446257764,0.4212964465032138,0.2937959516588548,4,1,0.4236375690015848,,clinical_adapt_25pct,0.25,unetplusplus,resnet18,combo_affine_vignette_blur,small_affine;vignette_illumination;defocus_blur,24,"(256, 256)",4,3e-05,0.0001,16,3,4,3,0.3086066455644951
train,24,0.0519070313312113,0.7892320876505876,0.8528440572827846,0.0887132847090106,16,4,0.7204305760023999,,clinical_adapt_25pct,0.25,unetplusplus,resnet18,combo_affine_vignette_blur,small_affine;vignette_illumination;defocus_blur,24,"(256, 256)",4,3e-05,0.0001,16,3,4,3,
val,24,0.4159986078739166,0.1863760706976109,0.4125566392651905,0.3227311368440401,4,1,0.4136249030016188,,clinical_adapt_25pct,0.25,unetplusplus,resnet18,combo_affine_vignette_blur,small_affine;vignette_illumination;defocus_blur,24,"(256, 256)",4,3e-05,0.0001,16,3,4,3,0.2994663549814007
train,25,0.0540307285264134,0.7847504050967002,0.8531073570757896,0.0847068591799466,16,4,0.7234764929999074,,clinical_adapt_25pct,0.25,unetplusplus,resnet18,combo_affine_vignette_blur,small_affine;vignette_illumination;defocus_blur,24,"(256, 256)",4,3e-05,0.0001,16,3,4,3,
val,25,0.4082537591457367,0.1972324569717103,0.417173122695722,0.3123144701773733,4,1,0.4231070319983701,,clinical_adapt_25pct,0.25,unetplusplus,resnet18,combo_affine_vignette_blur,small_affine;vignette_illumination;defocus_blur,24,"(256, 256)",4,3e-05,0.0001,16,3,4,3,0.3072027898337162
train,1,0.4296931082552129,0.3810998911148882,0.4171415082090238,0.3381868549893398,22,6,1.426330136000615,,clinical_adapt_50pct,0.5,unetplusplus,resnet18,combo_affine_vignette_blur,small_affine;vignette_illumination;defocus_blur,24,"(256, 256)",4,3e-05,0.0001,22,6,4,3,
val,1,0.4938585758209228,0.1578450231333971,0.290783213627422,0.4380712365591398,4,1,0.4181457539998519,,clinical_adapt_50pct,0.5,unetplusplus,resnet18,combo_affine_vignette_blur,small_affine;vignette_illumination;defocus_blur,24,"(256, 256)",4,3e-05,0.0001,22,6,4,3,0.2243141183804095
train,2,0.2948209318247708,0.468033998277505,0.4703079775583363,0.3146016787400646,22,6,1.0068779590001211,,clinical_adapt_50pct,0.5,unetplusplus,resnet18,combo_affine_vignette_blur,small_affine;vignette_illumination;defocus_blur,24,"(256, 256)",4,3e-05,0.0001,22,6,4,3,
val,2,0.4728820025920868,0.1772697914180797,0.2812265410247082,0.2900681416430123,4,1,0.4117399320020922,,clinical_adapt_50pct,0.5,unetplusplus,resnet18,combo_affine_vignette_blur,small_affine;vignette_illumination;defocus_blur,24,"(256, 256)",4,3e-05,0.0001,22,6,4,3,0.229248166221394
train,3,0.228085309267044,0.5006533303256,0.5248225432290238,0.2538686372379191,22,6,0.9420763529997204,,clinical_adapt_50pct,0.5,unetplusplus,resnet18,combo_affine_vignette_blur,small_affine;vignette_illumination;defocus_blur,24,"(256, 256)",4,3e-05,0.0001,22,6,4,3,
val,3,0.5008643865585327,0.1489061372520184,0.2123077833461242,0.3218666626243027,4,1,0.4143114309990778,,clinical_adapt_50pct,0.5,unetplusplus,resnet18,combo_affine_vignette_blur,small_affine;vignette_illumination;defocus_blur,24,"(256, 256)",4,3e-05,0.0001,22,6,4,3,0.1806069602990713
train,4,0.2457217465747486,0.5143539306824544,0.5732620606081509,0.1338641785164676,22,6,0.9752696870018552,,clinical_adapt_50pct,0.5,unetplusplus,resnet18,combo_affine_vignette_blur,small_affine;vignette_illumination;defocus_blur,24,"(256, 256)",4,3e-05,0.0001,22,6,4,3,
val,4,0.4356785118579864,0.1818850227639132,0.3467400013268502,0.1390472828644871,4,1,0.4266193570001633,,clinical_adapt_50pct,0.5,unetplusplus,resnet18,combo_affine_vignette_blur,small_affine;vignette_illumination;defocus_blur,24,"(256, 256)",4,3e-05,0.0001,22,6,4,3,0.2643125120453817
train,5,0.158403916792436,0.5469106093695153,0.6470047503423063,0.0796538814848911,22,6,1.002296247999766,,clinical_adapt_50pct,0.5,unetplusplus,resnet18,combo_affine_vignette_blur,small_affine;vignette_illumination;defocus_blur,24,"(256, 256)",4,3e-05,0.0001,22,6,4,3,
val,5,0.4260216355323791,0.1838403549984151,0.3582280589998277,0.1032616487455197,4,1,0.4150249179983802,,clinical_adapt_50pct,0.5,unetplusplus,resnet18,combo_affine_vignette_blur,small_affine;vignette_illumination;defocus_blur,24,"(256, 256)",4,3e-05,0.0001,22,6,4,3,0.2710342069991214
train,6,0.1503122042525898,0.5723419895922561,0.6458452061443215,0.164704706716241,22,6,1.0635231859996566,,clinical_adapt_50pct,0.5,unetplusplus,resnet18,combo_affine_vignette_blur,small_affine;vignette_illumination;defocus_blur,24,"(256, 256)",4,3e-05,0.0001,22,6,4,3,
val,6,0.3803925812244415,0.2184556779459172,0.4284478141725572,0.1004838709677419,4,1,0.4241451950001647,,clinical_adapt_50pct,0.5,unetplusplus,resnet18,combo_affine_vignette_blur,small_affine;vignette_illumination;defocus_blur,24,"(256, 256)",4,3e-05,0.0001,22,6,4,3,0.3234517460592372
train,7,0.1217114613814787,0.6039021836772251,0.6676684407140528,0.0776222737489274,22,6,1.1557146849991111,,clinical_adapt_50pct,0.5,unetplusplus,resnet18,combo_affine_vignette_blur,small_affine;vignette_illumination;defocus_blur,24,"(256, 256)",4,3e-05,0.0001,22,6,4,3,
val,7,0.3758101165294647,0.2279602418053459,0.4361064164981698,0.0950652841781873,4,1,0.4206789310010208,,clinical_adapt_50pct,0.5,unetplusplus,resnet18,combo_affine_vignette_blur,small_affine;vignette_illumination;defocus_blur,24,"(256, 256)",4,3e-05,0.0001,22,6,4,3,0.3320333291517578
train,8,0.1473559683019464,0.633618372044941,0.6524310385619186,0.1077186088126105,22,6,1.005278508997435,,clinical_adapt_50pct,0.5,unetplusplus,resnet18,combo_affine_vignette_blur,small_affine;vignette_illumination;defocus_blur,24,"(256, 256)",4,3e-05,0.0001,22,6,4,3,
val,8,0.318755179643631,0.3848413005471229,0.4948515505969584,0.2778855276601956,4,1,0.4138022000006458,,clinical_adapt_50pct,0.5,unetplusplus,resnet18,combo_affine_vignette_blur,small_affine;vignette_illumination;defocus_blur,24,"(256, 256)",4,3e-05,0.0001,22,6,4,3,0.4398464255720407
train,9,0.1151843822815201,0.6610058051769768,0.6964167314471583,0.1060450514935021,22,6,1.004172594002739,,clinical_adapt_50pct,0.5,unetplusplus,resnet18,combo_affine_vignette_blur,small_affine;vignette_illumination;defocus_blur,24,"(256, 256)",4,3e-05,0.0001,22,6,4,3,
val,9,0.3140459358692169,0.4264645054936409,0.5134450838720843,0.2785351907084387,4,1,0.4331022570004279,,clinical_adapt_50pct,0.5,unetplusplus,resnet18,combo_affine_vignette_blur,small_affine;vignette_illumination;defocus_blur,24,"(256, 256)",4,3e-05,0.0001,22,6,4,3,0.4699547946828626
train,10,0.1037961549379608,0.6550428265441237,0.7086940702780183,0.0910446508510751,22,6,1.0094852409965824,,clinical_adapt_50pct,0.5,unetplusplus,resnet18,combo_affine_vignette_blur,small_affine;vignette_illumination;defocus_blur,24,"(256, 256)",4,3e-05,0.0001,22,6,4,3,
val,10,0.348853588104248,0.3455001525580883,0.4635313664404306,0.2902530131159163,4,1,0.4223753540027246,,clinical_adapt_50pct,0.5,unetplusplus,resnet18,combo_affine_vignette_blur,small_affine;vignette_illumination;defocus_blur,24,"(256, 256)",4,3e-05,0.0001,22,6,4,3,0.4045157594992594
train,11,0.1258559342135082,0.6642144750310724,0.7207298706233779,0.0915374792872966,22,6,1.1110121090023313,,clinical_adapt_50pct,0.5,unetplusplus,resnet18,combo_affine_vignette_blur,small_affine;vignette_illumination;defocus_blur,24,"(256, 256)",4,3e-05,0.0001,22,6,4,3,
val,11,0.3445211052894592,0.3267317712306976,0.4807090683795145,0.3058265623736761,4,1,0.4225519929968868,,clinical_adapt_50pct,0.5,unetplusplus,resnet18,combo_affine_vignette_blur,small_affine;vignette_illumination;defocus_blur,24,"(256, 256)",4,3e-05,0.0001,22,6,4,3,0.4037204198051061
train,12,0.0899248123168945,0.6488871637739452,0.7283977483874473,0.1050697191081732,22,6,0.9991776550014038,,clinical_adapt_50pct,0.5,unetplusplus,resnet18,combo_affine_vignette_blur,small_affine;vignette_illumination;defocus_blur,24,"(256, 256)",4,3e-05,0.0001,22,6,4,3,
val,12,0.3713306188583374,0.263482017442584,0.4530093443296703,0.2887432290403428,4,1,0.4295570120011689,,clinical_adapt_50pct,0.5,unetplusplus,resnet18,combo_affine_vignette_blur,small_affine;vignette_illumination;defocus_blur,24,"(256, 256)",4,3e-05,0.0001,22,6,4,3,0.3582456808861272
train,13,0.075218303637071,0.7037148255619048,0.7294956738223658,0.0636845797548951,22,6,1.0238816080018296,,clinical_adapt_50pct,0.5,unetplusplus,resnet18,combo_affine_vignette_blur,small_affine;vignette_illumination;defocus_blur,24,"(256, 256)",4,3e-05,0.0001,22,6,4,3,
val,13,0.3970135748386383,0.2425960022956133,0.421022234215767,0.2761304470854556,4,1,0.4231894599979569,,clinical_adapt_50pct,0.5,unetplusplus,resnet18,combo_affine_vignette_blur,small_affine;vignette_illumination;defocus_blur,24,"(256, 256)",4,3e-05,0.0001,22,6,4,3,0.3318091182556901
train,14,0.1009567786346782,0.6979836795392502,0.7318676570232244,0.1087388967995955,22,6,1.1214271140015626,,clinical_adapt_50pct,0.5,unetplusplus,resnet18,combo_affine_vignette_blur,small_affine;vignette_illumination;defocus_blur,24,"(256, 256)",4,3e-05,0.0001,22,6,4,3,
val,14,0.4099487662315368,0.2232004273682832,0.4115956704739782,0.2625015378558598,4,1,0.4224198939991765,,clinical_adapt_50pct,0.5,unetplusplus,resnet18,combo_affine_vignette_blur,small_affine;vignette_illumination;defocus_blur,24,"(256, 256)",4,3e-05,0.0001,22,6,4,3,0.3173980489211307
train,15,0.0829158706421201,0.7053571961584327,0.7290872034414704,0.0687006842093245,22,6,1.0010137669996766,,clinical_adapt_50pct,0.5,unetplusplus,resnet18,combo_affine_vignette_blur,small_affine;vignette_illumination;defocus_blur,24,"(256, 256)",4,3e-05,0.0001,22,6,4,3,
val,15,0.4314036667346954,0.1884505562484264,0.3959881269479104,0.2605199080567243,4,1,0.4149844759995176,,clinical_adapt_50pct,0.5,unetplusplus,resnet18,combo_affine_vignette_blur,small_affine;vignette_illumination;defocus_blur,24,"(256, 256)",4,3e-05,0.0001,22,6,4,3,0.2922193415981684
train,16,0.0839597928253087,0.7216674701949238,0.7292131363959659,0.0714455410635473,22,6,1.0682216550012529,,clinical_adapt_50pct,0.5,unetplusplus,resnet18,combo_affine_vignette_blur,small_affine;vignette_illumination;defocus_blur,24,"(256, 256)",4,3e-05,0.0001,22,6,4,3,
val,16,0.3780916035175323,0.2599049918353557,0.4616749336651611,0.2915471137521221,4,1,0.5353335420004441,,clinical_adapt_50pct,0.5,unetplusplus,resnet18,combo_affine_vignette_blur,small_affine;vignette_illumination;defocus_blur,24,"(256, 256)",4,3e-05,0.0001,22,6,4,3,0.3607899627502584
train,17,0.0675432251935655,0.7326882001773072,0.7373161096177774,0.0647401414532162,22,6,1.1345628060007584,,clinical_adapt_50pct,0.5,unetplusplus,resnet18,combo_affine_vignette_blur,small_affine;vignette_illumination;defocus_blur,24,"(256, 256)",4,3e-05,0.0001,22,6,4,3,
val,17,0.3976778090000152,0.2418760955333709,0.4248733668543032,0.3101248079877112,4,1,0.4256359989994962,,clinical_adapt_50pct,0.5,unetplusplus,resnet18,combo_affine_vignette_blur,small_affine;vignette_illumination;defocus_blur,24,"(256, 256)",4,3e-05,0.0001,22,6,4,3,0.3333747311938371
train,18,0.0704855600541288,0.7097494220895687,0.7381602197598783,0.0716494629647492,22,6,0.9986617780014058,,clinical_adapt_50pct,0.5,unetplusplus,resnet18,combo_affine_vignette_blur,small_affine;vignette_illumination;defocus_blur,24,"(256, 256)",4,3e-05,0.0001,22,6,4,3,
val,18,0.4130967259407043,0.2076448220435831,0.3974705665454721,0.2094881620249782,4,1,0.4211904679978033,,clinical_adapt_50pct,0.5,unetplusplus,resnet18,combo_affine_vignette_blur,small_affine;vignette_illumination;defocus_blur,24,"(256, 256)",4,3e-05,0.0001,22,6,4,3,0.3025576942945276
train,19,0.1018383861942724,0.7070283070309508,0.7264620740018564,0.0805176503957997,22,6,1.0525451139983488,,clinical_adapt_50pct,0.5,unetplusplus,resnet18,combo_affine_vignette_blur,small_affine;vignette_illumination;defocus_blur,24,"(256, 256)",4,3e-05,0.0001,22,6,4,3,
val,19,0.3920488655567169,0.2295816001489812,0.3981109647810967,0.2223886328725038,4,1,0.4236384679970797,,clinical_adapt_50pct,0.5,unetplusplus,resnet18,combo_affine_vignette_blur,small_affine;vignette_illumination;defocus_blur,24,"(256, 256)",4,3e-05,0.0001,22,6,4,3,0.313846282465039
train,20,0.0881824818524447,0.7199900173558074,0.7349417179536192,0.1138840277117292,22,6,0.9525538179987052,,clinical_adapt_50pct,0.5,unetplusplus,resnet18,combo_affine_vignette_blur,small_affine;vignette_illumination;defocus_blur,24,"(256, 256)",4,3e-05,0.0001,22,6,4,3,
val,20,0.3912105858325958,0.2321887776184876,0.4268840312674822,0.226795263968512,4,1,0.4198107250012981,,clinical_adapt_50pct,0.5,unetplusplus,resnet18,combo_affine_vignette_blur,small_affine;vignette_illumination;defocus_blur,24,"(256, 256)",4,3e-05,0.0001,22,6,4,3,0.3295364044429849
train,21,0.0755082511089064,0.7084093860554641,0.7355790568736922,0.0652523459341898,22,6,0.946582954002224,,clinical_adapt_50pct,0.5,unetplusplus,resnet18,combo_affine_vignette_blur,small_affine;vignette_illumination;defocus_blur,24,"(256, 256)",4,3e-05,0.0001,22,6,4,3,
val,21,0.3815573453903198,0.2356413949871809,0.4536618388485536,0.2796157767890248,4,1,0.4206627509993268,,clinical_adapt_50pct,0.5,unetplusplus,resnet18,combo_affine_vignette_blur,small_affine;vignette_illumination;defocus_blur,24,"(256, 256)",4,3e-05,0.0001,22,6,4,3,0.3446516169178673
train,22,0.0694303654811599,0.7204298506020623,0.7294438342869737,0.0673789850058256,22,6,1.2032503379996342,,clinical_adapt_50pct,0.5,unetplusplus,resnet18,combo_affine_vignette_blur,small_affine;vignette_illumination;defocus_blur,24,"(256, 256)",4,3e-05,0.0001,22,6,4,3,
val,22,0.3797739446163177,0.2803267873823643,0.4697406191969664,0.3150143275136624,4,1,0.4181356619992584,,clinical_adapt_50pct,0.5,unetplusplus,resnet18,combo_affine_vignette_blur,small_affine;vignette_illumination;defocus_blur,24,"(256, 256)",4,3e-05,0.0001,22,6,4,3,0.3750337032896653
train,23,0.0954362787306308,0.7463218969762152,0.7432184088027527,0.0908564265336073,22,6,0.9104847609996796,,clinical_adapt_50pct,0.5,unetplusplus,resnet18,combo_affine_vignette_blur,small_affine;vignette_illumination;defocus_blur,24,"(256, 256)",4,3e-05,0.0001,22,6,4,3,
val,23,0.4196445345878601,0.1987498785041457,0.4089603580322247,0.2357831311460343,4,1,0.4119272190000629,,clinical_adapt_50pct,0.5,unetplusplus,resnet18,combo_affine_vignette_blur,small_affine;vignette_illumination;defocus_blur,24,"(256, 256)",4,3e-05,0.0001,22,6,4,3,0.3038551182681852
train,24,0.0603691122748635,0.7484392087275158,0.7397845167718606,0.065110570170749,22,6,0.9561976119985048,,clinical_adapt_50pct,0.5,unetplusplus,resnet18,combo_affine_vignette_blur,small_affine;vignette_illumination;defocus_blur,24,"(256, 256)",4,3e-05,0.0001,22,6,4,3,
val,24,0.4330843985080719,0.2030904081309588,0.3789426490421963,0.2943270254879836,4,1,0.4239965159977146,,clinical_adapt_50pct,0.5,unetplusplus,resnet18,combo_affine_vignette_blur,small_affine;vignette_illumination;defocus_blur,24,"(256, 256)",4,3e-05,0.0001,22,6,4,3,0.2910165285865775
train,25,0.0671667798676274,0.7475533309692513,0.7405922870457627,0.0677667312435256,22,6,1.0138148019977962,,clinical_adapt_50pct,0.5,unetplusplus,resnet18,combo_affine_vignette_blur,small_affine;vignette_illumination;defocus_blur,24,"(256, 256)",4,3e-05,0.0001,22,6,4,3,
val,25,0.397136777639389,0.2505473513156175,0.4435904969120772,0.3107292035921067,4,1,0.4206963199976599,,clinical_adapt_50pct,0.5,unetplusplus,resnet18,combo_affine_vignette_blur,small_affine;vignette_illumination;defocus_blur,24,"(256, 256)",4,3e-05,0.0001,22,6,4,3,0.3470689241138474
train,1,0.5557098609429819,0.34469549487324075,0.3542300305824282,0.3382796979925234,27,7,1.641375193001295,,clinical_adapt_75pct,0.75,unetplusplus,resnet18,combo_affine_vignette_blur,small_affine;vignette_illumination;defocus_blur,24,"(256, 256)",4,3e-05,0.0001,27,9,4,3,
val,1,0.4498192071914673,0.1642701976251617,0.29190168956214513,0.2253583127608579,4,1,0.4386558519981918,,clinical_adapt_75pct,0.75,unetplusplus,resnet18,combo_affine_vignette_blur,small_affine;vignette_illumination;defocus_blur,24,"(256, 256)",4,3e-05,0.0001,27,9,4,3,0.22808594359365342
train,2,0.3921264045768314,0.40746480506853006,0.4439900056199905,0.3112326219784243,27,7,1.2952807279980334,,clinical_adapt_75pct,0.75,unetplusplus,resnet18,combo_affine_vignette_blur,small_affine;vignette_illumination;defocus_blur,24,"(256, 256)",4,3e-05,0.0001,27,9,4,3,
val,2,0.47205618023872375,0.15944823145926446,0.19837712034533195,0.3144563098192131,4,1,0.4154557529982412,,clinical_adapt_75pct,0.75,unetplusplus,resnet18,combo_affine_vignette_blur,small_affine;vignette_illumination;defocus_blur,24,"(256, 256)",4,3e-05,0.0001,27,9,4,3,0.1789126759022982
train,3,0.24342943010506807,0.40719258943995995,0.4789707937418882,0.16478928128741951,27,7,1.1643876570014982,,clinical_adapt_75pct,0.75,unetplusplus,resnet18,combo_affine_vignette_blur,small_affine;vignette_illumination;defocus_blur,24,"(256, 256)",4,3e-05,0.0001,27,9,4,3,
val,3,0.41509824991226196,0.1558627291590029,0.4180979742467912,0.09113100161487257,4,1,0.4166951179977332,,clinical_adapt_75pct,0.75,unetplusplus,resnet18,combo_affine_vignette_blur,small_affine;vignette_illumination;defocus_blur,24,"(256, 256)",4,3e-05,0.0001,27,9,4,3,0.28698035170289704
train,4,0.2529515535743148,0.4727270380343365,0.5590116526930954,0.15629032877236507,27,7,1.2223194650032383,,clinical_adapt_75pct,0.75,unetplusplus,resnet18,combo_affine_vignette_blur,small_affine;vignette_illumination;defocus_blur,24,"(256, 256)",4,3e-05,0.0001,27,9,4,3,
val,4,0.35364192724227905,0.2095851284459287,0.4901823787749322,0.07186754901808663,4,1,0.41007062700009556,,clinical_adapt_75pct,0.75,unetplusplus,resnet18,combo_affine_vignette_blur,small_affine;vignette_illumination;defocus_blur,24,"(256, 256)",4,3e-05,0.0001,27,9,4,3,0.34988375361043045
train,5,0.18143295413917965,0.4972264568177837,0.5639056706969948,0.16114292770949332,27,7,1.0976587670011213,,clinical_adapt_75pct,0.75,unetplusplus,resnet18,combo_affine_vignette_blur,small_affine;vignette_illumination;defocus_blur,24,"(256, 256)",4,3e-05,0.0001,27,9,4,3,
val,5,0.413920521736145,0.1899495759055072,0.37526130068903285,0.09900238948626046,4,1,0.4279417299985653,,clinical_adapt_75pct,0.75,unetplusplus,resnet18,combo_affine_vignette_blur,small_affine;vignette_illumination;defocus_blur,24,"(256, 256)",4,3e-05,0.0001,27,9,4,3,0.28260543829727003
train,6,0.20993676478112186,0.5334950042677883,0.6072508226195924,0.17000412888189498,27,7,1.3122007740021218,,clinical_adapt_75pct,0.75,unetplusplus,resnet18,combo_affine_vignette_blur,small_affine;vignette_illumination;defocus_blur,24,"(256, 256)",4,3e-05,0.0001,27,9,4,3,
val,6,0.5060099959373474,0.1373888590380603,0.19294800001983958,0.27750626885970503,4,1,0.4216396560004796,,clinical_adapt_75pct,0.75,unetplusplus,resnet18,combo_affine_vignette_blur,small_affine;vignette_illumination;defocus_blur,24,"(256, 256)",4,3e-05,0.0001,27,9,4,3,0.16516842952894994
train,7,0.18120627325993996,0.5189455202253984,0.5889821954448933,0.1387849369131641,27,7,1.1478150089969859,,clinical_adapt_75pct,0.75,unetplusplus,resnet18,combo_affine_vignette_blur,small_affine;vignette_illumination;defocus_blur,24,"(256, 256)",4,3e-05,0.0001,27,9,4,3,
val,7,0.4653598666191101,0.19555537132621348,0.21433995056753474,0.2729517546729481,4,1,0.425088821000827,,clinical_adapt_75pct,0.75,unetplusplus,resnet18,combo_affine_vignette_blur,small_affine;vignette_illumination;defocus_blur,24,"(256, 256)",4,3e-05,0.0001,27,9,4,3,0.2049476609468741
train,8,0.14626431575527898,0.5744895863228417,0.633794782104871,0.12479705083120156,27,7,1.2434528730009333,,clinical_adapt_75pct,0.75,unetplusplus,resnet18,combo_affine_vignette_blur,small_affine;vignette_illumination;defocus_blur,24,"(256, 256)",4,3e-05,0.0001,27,9,4,3,
val,8,0.4184878170490265,0.27612385526299477,0.3876687687409077,0.31469631344377436,4,1,0.4144323879991134,,clinical_adapt_75pct,0.75,unetplusplus,resnet18,combo_affine_vignette_blur,small_affine;vignette_illumination;defocus_blur,24,"(256, 256)",4,3e-05,0.0001,27,9,4,3,0.33189631200195124
train,9,0.12997732118323999,0.5898017089240979,0.6358766089243808,0.14443760332014507,27,7,1.1770448720017157,,clinical_adapt_75pct,0.75,unetplusplus,resnet18,combo_affine_vignette_blur,small_affine;vignette_illumination;defocus_blur,24,"(256, 256)",4,3e-05,0.0001,27,9,4,3,
val,9,0.3785276412963867,0.33394549787044525,0.469368906541354,0.23084825121115443,4,1,0.423979965999024,,clinical_adapt_75pct,0.75,unetplusplus,resnet18,combo_affine_vignette_blur,small_affine;vignette_illumination;defocus_blur,24,"(256, 256)",4,3e-05,0.0001,27,9,4,3,0.4016572022058996
train,10,0.12406826157260824,0.6128872429528432,0.6850499682582872,0.12429552070010183,27,7,1.2239199290015677,,clinical_adapt_75pct,0.75,unetplusplus,resnet18,combo_affine_vignette_blur,small_affine;vignette_illumination;defocus_blur,24,"(256, 256)",4,3e-05,0.0001,27,9,4,3,
val,10,0.3689923584461212,0.3597492426633835,0.49086657319855254,0.2378537457166489,4,1,0.41992761400251766,,clinical_adapt_75pct,0.75,unetplusplus,resnet18,combo_affine_vignette_blur,small_affine;vignette_illumination;defocus_blur,24,"(256, 256)",4,3e-05,0.0001,27,9,4,3,0.425307907930968
train,11,0.12810574361571558,0.6208171534642505,0.7331393086824789,0.12364266107924994,27,7,1.210353556998598,,clinical_adapt_75pct,0.75,unetplusplus,resnet18,combo_affine_vignette_blur,small_affine;vignette_illumination;defocus_blur,24,"(256, 256)",4,3e-05,0.0001,27,9,4,3,
val,11,0.37036800384521484,0.3355245217680931,0.5018801258669405,0.24614637900928224,4,1,0.41353600199727225,,clinical_adapt_75pct,0.75,unetplusplus,resnet18,combo_affine_vignette_blur,small_affine;vignette_illumination;defocus_blur,24,"(256, 256)",4,3e-05,0.0001,27,9,4,3,0.4187023238175168
train,12,0.12254605414690795,0.6205997375269804,0.6602970682791496,0.11331869887448563,27,7,1.201155637998454,,clinical_adapt_75pct,0.75,unetplusplus,resnet18,combo_affine_vignette_blur,small_affine;vignette_illumination;defocus_blur,24,"(256, 256)",4,3e-05,0.0001,27,9,4,3,
val,12,0.38353073596954346,0.3255072692409158,0.46775558778858906,0.22677315963606282,4,1,0.4326536890002899,,clinical_adapt_75pct,0.75,unetplusplus,resnet18,combo_affine_vignette_blur,small_affine;vignette_illumination;defocus_blur,24,"(256, 256)",4,3e-05,0.0001,27,9,4,3,0.3966314285147524
train,13,0.11026933485711063,0.6509949948036761,0.7539143379657852,0.1086170813783484,27,7,1.260290439997334,,clinical_adapt_75pct,0.75,unetplusplus,resnet18,combo_affine_vignette_blur,small_affine;vignette_illumination;defocus_blur,24,"(256, 256)",4,3e-05,0.0001,27,9,4,3,
val,13,0.37127846479415894,0.3394281230866909,0.4869149492737117,0.2442233020862053,4,1,0.41881514900160255,,clinical_adapt_75pct,0.75,unetplusplus,resnet18,combo_affine_vignette_blur,small_affine;vignette_illumination;defocus_blur,24,"(256, 256)",4,3e-05,0.0001,27,9,4,3,0.4131715361802013
train,14,0.09329709134719989,0.7028373289820431,0.7713966686442887,0.0930806915666294,27,7,1.1482144469991908,,clinical_adapt_75pct,0.75,unetplusplus,resnet18,combo_affine_vignette_blur,small_affine;vignette_illumination;defocus_blur,24,"(256, 256)",4,3e-05,0.0001,27,9,4,3,
val,14,0.37034115195274353,0.35109199583530426,0.48758755775809437,0.287543222230943,4,1,0.412502946001041,,clinical_adapt_75pct,0.75,unetplusplus,resnet18,combo_affine_vignette_blur,small_affine;vignette_illumination;defocus_blur,24,"(256, 256)",4,3e-05,0.0001,27,9,4,3,0.4193397767966993
train,15,0.08920938632002583,0.6993831806265857,0.7750368083097764,0.08396666737811581,27,7,1.1793652819978888,,clinical_adapt_75pct,0.75,unetplusplus,resnet18,combo_affine_vignette_blur,small_affine;vignette_illumination;defocus_blur,24,"(256, 256)",4,3e-05,0.0001,27,9,4,3,
val,15,0.3811228275299072,0.3354308716952801,0.4842998550997286,0.30807319914778125,4,1,0.42160119699838106,,clinical_adapt_75pct,0.75,unetplusplus,resnet18,combo_affine_vignette_blur,small_affine;vignette_illumination;defocus_blur,24,"(256, 256)",4,3e-05,0.0001,27,9,4,3,0.40986536339750435
train,16,0.08455299668841892,0.7400338843284525,0.7873021900164204,0.05337051895293899,27,7,1.2544418450015655,,clinical_adapt_75pct,0.75,unetplusplus,resnet18,combo_affine_vignette_blur,small_affine;vignette_illumination;defocus_blur,24,"(256, 256)",4,3e-05,0.0001,27,9,4,3,
val,16,0.37170740962028503,0.3470130953937769,0.4912631974155167,0.3053071931883446,4,1,0.42074576999948476,,clinical_adapt_75pct,0.75,unetplusplus,resnet18,combo_affine_vignette_blur,small_affine;vignette_illumination;defocus_blur,24,"(256, 256)",4,3e-05,0.0001,27,9,4,3,0.4191381464046468
train,17,0.08603324575556649,0.6939991686616275,0.7518992317355649,0.07640922305664634,27,7,1.0967859010015673,,clinical_adapt_75pct,0.75,unetplusplus,resnet18,combo_affine_vignette_blur,small_affine;vignette_illumination;defocus_blur,24,"(256, 256)",4,3e-05,0.0001,27,9,4,3,
val,17,0.3624964654445648,0.3649708665907383,0.5106826589042405,0.2412878116507149,4,1,0.4207721599996148,,clinical_adapt_75pct,0.75,unetplusplus,resnet18,combo_affine_vignette_blur,small_affine;vignette_illumination;defocus_blur,24,"(256, 256)",4,3e-05,0.0001,27,9,4,3,0.4378267627474894
train,18,0.08590868556940998,0.6907979253353645,0.7659807472937835,0.08934367581525621,27,7,1.1429443699998956,,clinical_adapt_75pct,0.75,unetplusplus,resnet18,combo_affine_vignette_blur,small_affine;vignette_illumination;defocus_blur,24,"(256, 256)",4,3e-05,0.0001,27,9,4,3,
val,18,0.3421685993671417,0.3933616206049919,0.5255941912782207,0.2568171747607232,4,1,0.419577365002624,,clinical_adapt_75pct,0.75,unetplusplus,resnet18,combo_affine_vignette_blur,small_affine;vignette_illumination;defocus_blur,24,"(256, 256)",4,3e-05,0.0001,27,9,4,3,0.4594779059416063
train,19,0.08258498184106967,0.7134012440455602,0.8115340630177491,0.06723120087636343,27,7,1.1900423849983781,,clinical_adapt_75pct,0.75,unetplusplus,resnet18,combo_affine_vignette_blur,small_affine;vignette_illumination;defocus_blur,24,"(256, 256)",4,3e-05,0.0001,27,9,4,3,
val,19,0.3526636064052582,0.38470035418868065,0.5167443617983088,0.26714481008835844,4,1,0.4153113440006564,,clinical_adapt_75pct,0.75,unetplusplus,resnet18,combo_affine_vignette_blur,small_affine;vignette_illumination;defocus_blur,24,"(256, 256)",4,3e-05,0.0001,27,9,4,3,0.45072235799349475
train,20,0.0686261266194008,0.7483447470180059,0.8164200395915739,0.07325471473955461,27,7,1.1816193330014357,,clinical_adapt_75pct,0.75,unetplusplus,resnet18,combo_affine_vignette_blur,small_affine;vignette_illumination;defocus_blur,24,"(256, 256)",4,3e-05,0.0001,27,9,4,3,
val,20,0.3576909303665161,0.3709401972591877,0.517094300593845,0.26622485377525695,4,1,0.4259165479998046,,clinical_adapt_75pct,0.75,unetplusplus,resnet18,combo_affine_vignette_blur,small_affine;vignette_illumination;defocus_blur,24,"(256, 256)",4,3e-05,0.0001,27,9,4,3,0.44401724892651634
train,21,0.06355154790260174,0.76390293936792,0.819284346501623,0.08504438739979706,27,7,1.2176871149968065,,clinical_adapt_75pct,0.75,unetplusplus,resnet18,combo_affine_vignette_blur,small_affine;vignette_illumination;defocus_blur,24,"(256, 256)",4,3e-05,0.0001,27,9,4,3,
val,21,0.36400410532951355,0.36001163348555565,0.5110702976389155,0.2691543745979229,4,1,0.41206250799950794,,clinical_adapt_75pct,0.75,unetplusplus,resnet18,combo_affine_vignette_blur,small_affine;vignette_illumination;defocus_blur,24,"(256, 256)",4,3e-05,0.0001,27,9,4,3,0.4355409655622356
train,22,0.06158111382413794,0.7477570852885643,0.8276701933274059,0.07797062205749627,27,7,1.20827941600146,,clinical_adapt_75pct,0.75,unetplusplus,resnet18,combo_affine_vignette_blur,small_affine;vignette_illumination;defocus_blur,24,"(256, 256)",4,3e-05,0.0001,27,9,4,3,
val,22,0.3663349449634552,0.35677724704146385,0.5059789433967093,0.2691543745979229,4,1,0.41240824700071244,,clinical_adapt_75pct,0.75,unetplusplus,resnet18,combo_affine_vignette_blur,small_affine;vignette_illumination;defocus_blur,24,"(256, 256)",4,3e-05,0.0001,27,9,4,3,0.4313780952190866
train,23,0.05875235616608902,0.7737472269132182,0.8376255951012118,0.06546017329740485,27,7,1.3200643400014087,,clinical_adapt_75pct,0.75,unetplusplus,resnet18,combo_affine_vignette_blur,small_affine;vignette_illumination;defocus_blur,24,"(256, 256)",4,3e-05,0.0001,27,9,4,3,
val,23,0.3588387966156006,0.36318268440663815,0.5215020940050498,0.2502797307232791,4,1,0.5027794439993158,,clinical_adapt_75pct,0.75,unetplusplus,resnet18,combo_affine_vignette_blur,small_affine;vignette_illumination;defocus_blur,24,"(256, 256)",4,3e-05,0.0001,27,9,4,3,0.44234238920584396
train,24,0.054916388596649525,0.7700600980578446,0.8343479930820784,0.06084280928589466,27,7,1.1349134750016674,,clinical_adapt_75pct,0.75,unetplusplus,resnet18,combo_affine_vignette_blur,small_affine;vignette_illumination;defocus_blur,24,"(256, 256)",4,3e-05,0.0001,27,9,4,3,
val,24,0.358277827501297,0.34152531437575817,0.5295875236642376,0.25882673927028765,4,1,0.4267535549988679,,clinical_adapt_75pct,0.75,unetplusplus,resnet18,combo_affine_vignette_blur,small_affine;vignette_illumination;defocus_blur,24,"(256, 256)",4,3e-05,0.0001,27,9,4,3,0.43555641901999786
train,25,0.06355028765069114,0.7573135807576388,0.8469025161286802,0.07486778898137583,27,7,1.1976927329997125,,clinical_adapt_75pct,0.75,unetplusplus,resnet18,combo_affine_vignette_blur,small_affine;vignette_illumination;defocus_blur,24,"(256, 256)",4,3e-05,0.0001,27,9,4,3,
val,25,0.3562743067741394,0.34754350781440735,0.5228754744002576,0.2578855508290992,4,1,0.41448644699994475,,clinical_adapt_75pct,0.75,unetplusplus,resnet18,combo_affine_vignette_blur,small_affine;vignette_illumination;defocus_blur,24,"(256, 256)",4,3e-05,0.0001,27,9,4,3,0.4352094911073325
