phase,epoch,loss,disc_dice,cup_dice,cdr_mae,n_images,n_batches,elapsed_seconds,max_batches,condition,run_name,strategy,components,clinical_rows_added_pre_augmentation,public_training_rows,clinical_training_rows,clinical_training_groups,hybrid_base_train_rows,hybrid_virtual_train_rows,public_validation_mean_foreground_dice,contains_private_paths,contains_sample_hashes,contains_patient_hashes
train,1,0.8979082179118881,0.6008261864758015,0.5144099911186873,0.3045439972904558,3864,483,246.87338974999875,,hybrid_public_plus_50pct_clinical_preaugmentation,hybrid_unetplusplus_resnet18_combo_affine_vignette_blur_public_plus_50pct_clinical_256px_25epoch,combo_affine_vignette_blur,small_affine;vignette_illumination;defocus_blur,True,1911,21,10,1932,3864,,False,False,False
val,1,0.45694457789947246,0.7794883206797731,0.7154002368472736,0.09885326415448457,725,91,41.034308951999265,,hybrid_public_plus_50pct_clinical_preaugmentation,hybrid_unetplusplus_resnet18_combo_affine_vignette_blur_public_plus_50pct_clinical_256px_25epoch,combo_affine_vignette_blur,small_affine;vignette_illumination;defocus_blur,True,1911,21,10,1932,3864,0.7474442787635234,False,False,False
train,2,0.29519745266338804,0.7771930558302415,0.6910954088310642,0.11202937159595326,3864,483,225.9363878439981,,hybrid_public_plus_50pct_clinical_preaugmentation,hybrid_unetplusplus_resnet18_combo_affine_vignette_blur_public_plus_50pct_clinical_256px_25epoch,combo_affine_vignette_blur,small_affine;vignette_illumination;defocus_blur,True,1911,21,10,1932,3864,,False,False,False
val,2,0.1987169644133798,0.830199944222637,0.7610579162327927,0.0897600011952635,725,91,33.83205308000106,,hybrid_public_plus_50pct_clinical_preaugmentation,hybrid_unetplusplus_resnet18_combo_affine_vignette_blur_public_plus_50pct_clinical_256px_25epoch,combo_affine_vignette_blur,small_affine;vignette_illumination;defocus_blur,True,1911,21,10,1932,3864,0.7956289302277149,False,False,False
train,3,0.17350130990980575,0.8207567245054829,0.7305229110637182,0.09415751997454275,3864,483,224.45801626999673,,hybrid_public_plus_50pct_clinical_preaugmentation,hybrid_unetplusplus_resnet18_combo_affine_vignette_blur_public_plus_50pct_clinical_256px_25epoch,combo_affine_vignette_blur,small_affine;vignette_illumination;defocus_blur,True,1911,21,10,1932,3864,,False,False,False
val,3,0.16420847224778143,0.837001336085715,0.7606765252068021,0.08182897961598164,725,91,34.53064835699843,,hybrid_public_plus_50pct_clinical_preaugmentation,hybrid_unetplusplus_resnet18_combo_affine_vignette_blur_public_plus_50pct_clinical_256px_25epoch,combo_affine_vignette_blur,small_affine;vignette_illumination;defocus_blur,True,1911,21,10,1932,3864,0.7988389306462585,False,False,False
train,4,0.14245618865912005,0.841216293279017,0.7560036179339336,0.0830998261816415,3864,483,224.06917880699984,,hybrid_public_plus_50pct_clinical_preaugmentation,hybrid_unetplusplus_resnet18_combo_affine_vignette_blur_public_plus_50pct_clinical_256px_25epoch,combo_affine_vignette_blur,small_affine;vignette_illumination;defocus_blur,True,1911,21,10,1932,3864,,False,False,False
val,4,0.14433841378524387,0.8363835271551276,0.7966294155895901,0.06388631293133852,725,91,33.555508511999506,,hybrid_public_plus_50pct_clinical_preaugmentation,hybrid_unetplusplus_resnet18_combo_affine_vignette_blur_public_plus_50pct_clinical_256px_25epoch,combo_affine_vignette_blur,small_affine;vignette_illumination;defocus_blur,True,1911,21,10,1932,3864,0.8165064713723589,False,False,False
train,5,0.1262038500196692,0.8568974096314262,0.7765196812051604,0.07593756252509941,3864,483,222.40370085099858,,hybrid_public_plus_50pct_clinical_preaugmentation,hybrid_unetplusplus_resnet18_combo_affine_vignette_blur_public_plus_50pct_clinical_256px_25epoch,combo_affine_vignette_blur,small_affine;vignette_illumination;defocus_blur,True,1911,21,10,1932,3864,,False,False,False
val,5,0.16896473272093412,0.8012820519815634,0.7398887250603698,0.10153000154563137,725,91,32.95575207799993,,hybrid_public_plus_50pct_clinical_preaugmentation,hybrid_unetplusplus_resnet18_combo_affine_vignette_blur_public_plus_50pct_clinical_256px_25epoch,combo_affine_vignette_blur,small_affine;vignette_illumination;defocus_blur,True,1911,21,10,1932,3864,0.7705853885209666,False,False,False
train,6,0.11403494033630837,0.8671485699591973,0.7996468656141921,0.06698197015416388,3864,483,221.45960466199904,,hybrid_public_plus_50pct_clinical_preaugmentation,hybrid_unetplusplus_resnet18_combo_affine_vignette_blur_public_plus_50pct_clinical_256px_25epoch,combo_affine_vignette_blur,small_affine;vignette_illumination;defocus_blur,True,1911,21,10,1932,3864,,False,False,False
val,6,0.13911694721928958,0.8261570084623905,0.8036219043788536,0.06981661422035255,725,91,33.38877097099976,,hybrid_public_plus_50pct_clinical_preaugmentation,hybrid_unetplusplus_resnet18_combo_affine_vignette_blur_public_plus_50pct_clinical_256px_25epoch,combo_affine_vignette_blur,small_affine;vignette_illumination;defocus_blur,True,1911,21,10,1932,3864,0.814889456420622,False,False,False
train,7,0.10571910655338078,0.87436118021134,0.817308676243371,0.06330838893297859,3864,483,220.47572725100326,,hybrid_public_plus_50pct_clinical_preaugmentation,hybrid_unetplusplus_resnet18_combo_affine_vignette_blur_public_plus_50pct_clinical_256px_25epoch,combo_affine_vignette_blur,small_affine;vignette_illumination;defocus_blur,True,1911,21,10,1932,3864,,False,False,False
val,7,0.12939664172715154,0.8427174027784591,0.8079270344493763,0.06777496669702156,725,91,33.58339595799771,,hybrid_public_plus_50pct_clinical_preaugmentation,hybrid_unetplusplus_resnet18_combo_affine_vignette_blur_public_plus_50pct_clinical_256px_25epoch,combo_affine_vignette_blur,small_affine;vignette_illumination;defocus_blur,True,1911,21,10,1932,3864,0.8253222186139177,False,False,False
train,8,0.09657399664106577,0.8842556162063963,0.8331182799101862,0.05598060995471986,3864,483,224.61522470199998,,hybrid_public_plus_50pct_clinical_preaugmentation,hybrid_unetplusplus_resnet18_combo_affine_vignette_blur_public_plus_50pct_clinical_256px_25epoch,combo_affine_vignette_blur,small_affine;vignette_illumination;defocus_blur,True,1911,21,10,1932,3864,,False,False,False
val,8,0.12353971886223761,0.8543196310079462,0.8030669502615663,0.07658052542914635,725,91,33.13925020700117,,hybrid_public_plus_50pct_clinical_preaugmentation,hybrid_unetplusplus_resnet18_combo_affine_vignette_blur_public_plus_50pct_clinical_256px_25epoch,combo_affine_vignette_blur,small_affine;vignette_illumination;defocus_blur,True,1911,21,10,1932,3864,0.8286932906347562,False,False,False
train,9,0.09147206912160413,0.8879199200410253,0.8411845278643475,0.052778750504475884,3864,483,224.36547315700227,,hybrid_public_plus_50pct_clinical_preaugmentation,hybrid_unetplusplus_resnet18_combo_affine_vignette_blur_public_plus_50pct_clinical_256px_25epoch,combo_affine_vignette_blur,small_affine;vignette_illumination;defocus_blur,True,1911,21,10,1932,3864,,False,False,False
val,9,0.12296519549756214,0.8567224420800479,0.7965401718201757,0.06487435898538652,725,91,33.05134749499848,,hybrid_public_plus_50pct_clinical_preaugmentation,hybrid_unetplusplus_resnet18_combo_affine_vignette_blur_public_plus_50pct_clinical_256px_25epoch,combo_affine_vignette_blur,small_affine;vignette_illumination;defocus_blur,True,1911,21,10,1932,3864,0.8266313069501118,False,False,False
train,10,0.08500947051259301,0.8952559172708873,0.8515002708321519,0.050364779394041354,3864,483,244.76685711600294,,hybrid_public_plus_50pct_clinical_preaugmentation,hybrid_unetplusplus_resnet18_combo_affine_vignette_blur_public_plus_50pct_clinical_256px_25epoch,combo_affine_vignette_blur,small_affine;vignette_illumination;defocus_blur,True,1911,21,10,1932,3864,,False,False,False
val,10,0.1377959451798735,0.8470921805845177,0.7685838658565116,0.06959672032878345,725,91,33.07393006499842,,hybrid_public_plus_50pct_clinical_preaugmentation,hybrid_unetplusplus_resnet18_combo_affine_vignette_blur_public_plus_50pct_clinical_256px_25epoch,combo_affine_vignette_blur,small_affine;vignette_illumination;defocus_blur,True,1911,21,10,1932,3864,0.8078380232205147,False,False,False
train,11,0.07743299677659513,0.903437866563562,0.8680384938621535,0.043532038395105416,3864,483,223.4108044329987,,hybrid_public_plus_50pct_clinical_preaugmentation,hybrid_unetplusplus_resnet18_combo_affine_vignette_blur_public_plus_50pct_clinical_256px_25epoch,combo_affine_vignette_blur,small_affine;vignette_illumination;defocus_blur,True,1911,21,10,1932,3864,,False,False,False
val,11,0.11985104700614665,0.8601229145643003,0.8150680233703538,0.06597345032239135,725,91,33.461360502999014,,hybrid_public_plus_50pct_clinical_preaugmentation,hybrid_unetplusplus_resnet18_combo_affine_vignette_blur_public_plus_50pct_clinical_256px_25epoch,combo_affine_vignette_blur,small_affine;vignette_illumination;defocus_blur,True,1911,21,10,1932,3864,0.8375954689673271,False,False,False
train,12,0.0761122078582737,0.903519890058459,0.8728254028038271,0.04352012731241662,3864,483,246.18845944499844,,hybrid_public_plus_50pct_clinical_preaugmentation,hybrid_unetplusplus_resnet18_combo_affine_vignette_blur_public_plus_50pct_clinical_256px_25epoch,combo_affine_vignette_blur,small_affine;vignette_illumination;defocus_blur,True,1911,21,10,1932,3864,,False,False,False
val,12,0.12175474343628719,0.8526882944997459,0.8056862743277832,0.06994224895633838,725,91,33.5507579130026,,hybrid_public_plus_50pct_clinical_preaugmentation,hybrid_unetplusplus_resnet18_combo_affine_vignette_blur_public_plus_50pct_clinical_256px_25epoch,combo_affine_vignette_blur,small_affine;vignette_illumination;defocus_blur,True,1911,21,10,1932,3864,0.8291872844137645,False,False,False
train,13,0.06995655583144468,0.9114861301363671,0.8835459129202756,0.039783390563751055,3864,483,241.47972246599966,,hybrid_public_plus_50pct_clinical_preaugmentation,hybrid_unetplusplus_resnet18_combo_affine_vignette_blur_public_plus_50pct_clinical_256px_25epoch,combo_affine_vignette_blur,small_affine;vignette_illumination;defocus_blur,True,1911,21,10,1932,3864,,False,False,False
val,13,0.1314542080616129,0.8618835803370847,0.7822576347447969,0.07291942241399958,725,91,32.93834806800078,,hybrid_public_plus_50pct_clinical_preaugmentation,hybrid_unetplusplus_resnet18_combo_affine_vignette_blur_public_plus_50pct_clinical_256px_25epoch,combo_affine_vignette_blur,small_affine;vignette_illumination;defocus_blur,True,1911,21,10,1932,3864,0.8220706075409407,False,False,False
train,14,0.06710714114131888,0.9139789841619255,0.8866378961770107,0.0376829391345122,3864,483,243.60947214300177,,hybrid_public_plus_50pct_clinical_preaugmentation,hybrid_unetplusplus_resnet18_combo_affine_vignette_blur_public_plus_50pct_clinical_256px_25epoch,combo_affine_vignette_blur,small_affine;vignette_illumination;defocus_blur,True,1911,21,10,1932,3864,,False,False,False
val,14,0.12873429477214812,0.8635301299361142,0.7910567690714525,0.07129770879637376,725,91,34.136394305001886,,hybrid_public_plus_50pct_clinical_preaugmentation,hybrid_unetplusplus_resnet18_combo_affine_vignette_blur_public_plus_50pct_clinical_256px_25epoch,combo_affine_vignette_blur,small_affine;vignette_illumination;defocus_blur,True,1911,21,10,1932,3864,0.8272934495037834,False,False,False
train,15,0.061813796151190314,0.9193271663950912,0.8965915085539101,0.034515260407739314,3864,483,224.776317777003,,hybrid_public_plus_50pct_clinical_preaugmentation,hybrid_unetplusplus_resnet18_combo_affine_vignette_blur_public_plus_50pct_clinical_256px_25epoch,combo_affine_vignette_blur,small_affine;vignette_illumination;defocus_blur,True,1911,21,10,1932,3864,,False,False,False
val,15,0.12838691125655996,0.8575745871191816,0.7991543047074845,0.0667732853425817,725,91,33.53278167099779,,hybrid_public_plus_50pct_clinical_preaugmentation,hybrid_unetplusplus_resnet18_combo_affine_vignette_blur_public_plus_50pct_clinical_256px_25epoch,combo_affine_vignette_blur,small_affine;vignette_illumination;defocus_blur,True,1911,21,10,1932,3864,0.828364445913333,False,False,False
train,16,0.05715539800022453,0.9245237005266086,0.9061234081047094,0.032176623311239244,3864,483,225.35596887300198,,hybrid_public_plus_50pct_clinical_preaugmentation,hybrid_unetplusplus_resnet18_combo_affine_vignette_blur_public_plus_50pct_clinical_256px_25epoch,combo_affine_vignette_blur,small_affine;vignette_illumination;defocus_blur,True,1911,21,10,1932,3864,,False,False,False
val,16,0.12413699937277826,0.8571673576612798,0.8106707521654747,0.0640964097952391,725,91,33.95880687800309,,hybrid_public_plus_50pct_clinical_preaugmentation,hybrid_unetplusplus_resnet18_combo_affine_vignette_blur_public_plus_50pct_clinical_256px_25epoch,combo_affine_vignette_blur,small_affine;vignette_illumination;defocus_blur,True,1911,21,10,1932,3864,0.8339190549133773,False,False,False
train,17,0.05371938493897209,0.9287099463410848,0.9117369623362918,0.031004178584747417,3864,483,226.25502614799916,,hybrid_public_plus_50pct_clinical_preaugmentation,hybrid_unetplusplus_resnet18_combo_affine_vignette_blur_public_plus_50pct_clinical_256px_25epoch,combo_affine_vignette_blur,small_affine;vignette_illumination;defocus_blur,True,1911,21,10,1932,3864,,False,False,False
val,17,0.12970603219394025,0.8546989862314309,0.7919628622660668,0.06678901118957545,725,91,33.916180692001944,,hybrid_public_plus_50pct_clinical_preaugmentation,hybrid_unetplusplus_resnet18_combo_affine_vignette_blur_public_plus_50pct_clinical_256px_25epoch,combo_affine_vignette_blur,small_affine;vignette_illumination;defocus_blur,True,1911,21,10,1932,3864,0.8233309242487489,False,False,False
train,18,0.05141012521757596,0.931517821700391,0.9173420060888221,0.028490150333155967,3864,483,223.48703071199998,,hybrid_public_plus_50pct_clinical_preaugmentation,hybrid_unetplusplus_resnet18_combo_affine_vignette_blur_public_plus_50pct_clinical_256px_25epoch,combo_affine_vignette_blur,small_affine;vignette_illumination;defocus_blur,True,1911,21,10,1932,3864,,False,False,False
val,18,0.12015034611882834,0.8641823527367282,0.8054062673293559,0.06295836607049478,725,91,33.888552394000726,,hybrid_public_plus_50pct_clinical_preaugmentation,hybrid_unetplusplus_resnet18_combo_affine_vignette_blur_public_plus_50pct_clinical_256px_25epoch,combo_affine_vignette_blur,small_affine;vignette_illumination;defocus_blur,True,1911,21,10,1932,3864,0.834794310033042,False,False,False
train,19,0.04967193381849283,0.9337572083334833,0.9195919818661369,0.027934528802555574,3864,483,221.5026130369988,,hybrid_public_plus_50pct_clinical_preaugmentation,hybrid_unetplusplus_resnet18_combo_affine_vignette_blur_public_plus_50pct_clinical_256px_25epoch,combo_affine_vignette_blur,small_affine;vignette_illumination;defocus_blur,True,1911,21,10,1932,3864,,False,False,False
val,19,0.12641627934472313,0.8551817072910819,0.8050142087238148,0.0626589303518089,725,91,33.60291788700124,,hybrid_public_plus_50pct_clinical_preaugmentation,hybrid_unetplusplus_resnet18_combo_affine_vignette_blur_public_plus_50pct_clinical_256px_25epoch,combo_affine_vignette_blur,small_affine;vignette_illumination;defocus_blur,True,1911,21,10,1932,3864,0.8300979580074483,False,False,False
train,20,0.0468476550040408,0.9373930671643294,0.9246701075443821,0.0267720007299494,3864,483,230.46798435899836,,hybrid_public_plus_50pct_clinical_preaugmentation,hybrid_unetplusplus_resnet18_combo_affine_vignette_blur_public_plus_50pct_clinical_256px_25epoch,combo_affine_vignette_blur,small_affine;vignette_illumination;defocus_blur,True,1911,21,10,1932,3864,,False,False,False
val,20,0.12682410455983262,0.8566667827345736,0.8096665319146598,0.06317891710576899,725,91,42.022027532999346,,hybrid_public_plus_50pct_clinical_preaugmentation,hybrid_unetplusplus_resnet18_combo_affine_vignette_blur_public_plus_50pct_clinical_256px_25epoch,combo_affine_vignette_blur,small_affine;vignette_illumination;defocus_blur,True,1911,21,10,1932,3864,0.8331666573246167,False,False,False
train,21,0.044697190652260126,0.9400172342875501,0.9285723438387153,0.025677418927828505,3864,483,262.9196987569994,,hybrid_public_plus_50pct_clinical_preaugmentation,hybrid_unetplusplus_resnet18_combo_affine_vignette_blur_public_plus_50pct_clinical_256px_25epoch,combo_affine_vignette_blur,small_affine;vignette_illumination;defocus_blur,True,1911,21,10,1932,3864,,False,False,False
val,21,0.12771754205226898,0.8609747876415418,0.7949259196337417,0.06493048074569283,725,91,40.58069074599916,,hybrid_public_plus_50pct_clinical_preaugmentation,hybrid_unetplusplus_resnet18_combo_affine_vignette_blur_public_plus_50pct_clinical_256px_25epoch,combo_affine_vignette_blur,small_affine;vignette_illumination;defocus_blur,True,1911,21,10,1932,3864,0.8279503536376418,False,False,False
train,22,0.04416186587333556,0.9408828020254247,0.9291441069802678,0.024721457326174798,3864,483,233.9863078369999,,hybrid_public_plus_50pct_clinical_preaugmentation,hybrid_unetplusplus_resnet18_combo_affine_vignette_blur_public_plus_50pct_clinical_256px_25epoch,combo_affine_vignette_blur,small_affine;vignette_illumination;defocus_blur,True,1911,21,10,1932,3864,,False,False,False
val,22,0.11628681108869356,0.8695873043079477,0.8128485528036473,0.0640124178131205,725,91,33.58024275800199,,hybrid_public_plus_50pct_clinical_preaugmentation,hybrid_unetplusplus_resnet18_combo_affine_vignette_blur_public_plus_50pct_clinical_256px_25epoch,combo_affine_vignette_blur,small_affine;vignette_illumination;defocus_blur,True,1911,21,10,1932,3864,0.8412179285557975,False,False,False
train,23,0.04218710990580219,0.9433970713323652,0.9315628681292303,0.024535205425583875,3864,483,220.86493484699895,,hybrid_public_plus_50pct_clinical_preaugmentation,hybrid_unetplusplus_resnet18_combo_affine_vignette_blur_public_plus_50pct_clinical_256px_25epoch,combo_affine_vignette_blur,small_affine;vignette_illumination;defocus_blur,True,1911,21,10,1932,3864,,False,False,False
val,23,0.12931412024744626,0.8543953829844096,0.8083151223511345,0.07010832526360472,725,91,33.28855834099886,,hybrid_public_plus_50pct_clinical_preaugmentation,hybrid_unetplusplus_resnet18_combo_affine_vignette_blur_public_plus_50pct_clinical_256px_25epoch,combo_affine_vignette_blur,small_affine;vignette_illumination;defocus_blur,True,1911,21,10,1932,3864,0.8313552526677721,False,False,False
train,24,0.04084723024372605,0.9447997755874635,0.9366812420321535,0.02305348848207399,3864,483,226.7478466859975,,hybrid_public_plus_50pct_clinical_preaugmentation,hybrid_unetplusplus_resnet18_combo_affine_vignette_blur_public_plus_50pct_clinical_256px_25epoch,combo_affine_vignette_blur,small_affine;vignette_illumination;defocus_blur,True,1911,21,10,1932,3864,,False,False,False
val,24,0.1256716095168015,0.8641892448625023,0.8017647303897631,0.06561686397188338,725,91,39.45845880500201,,hybrid_public_plus_50pct_clinical_preaugmentation,hybrid_unetplusplus_resnet18_combo_affine_vignette_blur_public_plus_50pct_clinical_256px_25epoch,combo_affine_vignette_blur,small_affine;vignette_illumination;defocus_blur,True,1911,21,10,1932,3864,0.8329769876261327,False,False,False
train,25,0.03850110986619015,0.9486805949905094,0.9414171307194934,0.02147952696354602,3864,483,258.2450713440012,,hybrid_public_plus_50pct_clinical_preaugmentation,hybrid_unetplusplus_resnet18_combo_affine_vignette_blur_public_plus_50pct_clinical_256px_25epoch,combo_affine_vignette_blur,small_affine;vignette_illumination;defocus_blur,True,1911,21,10,1932,3864,,False,False,False
val,25,0.11994556920281772,0.8655766102796381,0.8115669392639542,0.061314692857199225,725,91,40.020968808999896,,hybrid_public_plus_50pct_clinical_preaugmentation,hybrid_unetplusplus_resnet18_combo_affine_vignette_blur_public_plus_50pct_clinical_256px_25epoch,combo_affine_vignette_blur,small_affine;vignette_illumination;defocus_blur,True,1911,21,10,1932,3864,0.8385717747717961,False,False,False
