phase,epoch,loss,disc_dice,cup_dice,cdr_mae,n_images,n_batches,elapsed_seconds,max_batches,run_name,augmentation_strategy,experiment_stage,notebook,model,encoder,encoder_weights,image_size,batch_size,learning_rate,weight_decay,seed,device,mean_foreground_dice
train,1,1.3813548237787123,0.3835285218678095,0.3487946775107996,0.4235143224274384,1911,239,169.44431450078264,,online_aug_unetplusplus_resnet18_horizontal_flip_256px_5epoch,horizontal_flip,independent_strategy_screen,05_online_augmentation_ablation,unetplusplus,resnet18,,"(256, 256)",8,0.0001,0.0001,42,cuda,0.3661615996893045
val,1,0.9072150217253586,0.5847778483336651,0.5668988043538086,0.3288619503033763,725,91,51.06096432218328,,online_aug_unetplusplus_resnet18_horizontal_flip_256px_5epoch,horizontal_flip,independent_strategy_screen,05_online_augmentation_ablation,unetplusplus,resnet18,,"(256, 256)",8,0.0001,0.0001,42,cuda,0.5758383263437368
train,2,0.6555300011552484,0.7186765459746809,0.6407735338704311,0.1935146289639134,1911,239,145.76399792404845,,online_aug_unetplusplus_resnet18_horizontal_flip_256px_5epoch,horizontal_flip,independent_strategy_screen,05_online_augmentation_ablation,unetplusplus,resnet18,,"(256, 256)",8,0.0001,0.0001,42,cuda,0.6797250399225561
val,2,0.4884066395924009,0.7750085915336616,0.7413469764340587,0.0868083472551707,725,91,41.38430859288201,,online_aug_unetplusplus_resnet18_horizontal_flip_256px_5epoch,horizontal_flip,independent_strategy_screen,05_online_augmentation_ablation,unetplusplus,resnet18,,"(256, 256)",8,0.0001,0.0001,42,cuda,0.7581777839838602
train,3,0.3433655961404478,0.7704460602865428,0.6863337332894348,0.112215584758948,1911,239,146.543052457273,,online_aug_unetplusplus_resnet18_horizontal_flip_256px_5epoch,horizontal_flip,independent_strategy_screen,05_online_augmentation_ablation,unetplusplus,resnet18,,"(256, 256)",8,0.0001,0.0001,42,cuda,0.7283898967879888
val,3,0.2624004842289563,0.7742862440586888,0.7332230595587546,0.0812598531948936,725,91,41.320534634869546,,online_aug_unetplusplus_resnet18_horizontal_flip_256px_5epoch,horizontal_flip,independent_strategy_screen,05_online_augmentation_ablation,unetplusplus,resnet18,,"(256, 256)",8,0.0001,0.0001,42,cuda,0.7537546518087217
train,4,0.2177641674182229,0.8056637835877425,0.7135684109226977,0.0995467094434994,1911,239,146.00088658509776,,online_aug_unetplusplus_resnet18_horizontal_flip_256px_5epoch,horizontal_flip,independent_strategy_screen,05_online_augmentation_ablation,unetplusplus,resnet18,,"(256, 256)",8,0.0001,0.0001,42,cuda,0.7596160972552202
val,4,0.1862494518016946,0.8263653417737185,0.7652341177076933,0.0712709833352889,725,91,41.1228956701234,,online_aug_unetplusplus_resnet18_horizontal_flip_256px_5epoch,horizontal_flip,independent_strategy_screen,05_online_augmentation_ablation,unetplusplus,resnet18,,"(256, 256)",8,0.0001,0.0001,42,cuda,0.7957997297407059
train,5,0.1744706604506943,0.8294651100631009,0.7349381607511299,0.090933699557178,1911,239,145.7291775192134,,online_aug_unetplusplus_resnet18_horizontal_flip_256px_5epoch,horizontal_flip,independent_strategy_screen,05_online_augmentation_ablation,unetplusplus,resnet18,,"(256, 256)",8,0.0001,0.0001,42,cuda,0.7822016354071154
val,5,0.1634108447823031,0.8294069230290992,0.7834044977060267,0.0713666125826818,725,91,40.62991912569851,,online_aug_unetplusplus_resnet18_horizontal_flip_256px_5epoch,horizontal_flip,independent_strategy_screen,05_online_augmentation_ablation,unetplusplus,resnet18,,"(256, 256)",8,0.0001,0.0001,42,cuda,0.806405710367563
train,1,1.3734066874677755,0.4051024073111379,0.3091864622289413,0.4198443878534985,1911,239,157.7119375448674,,online_aug_unetplusplus_resnet18_small_affine_256px_5epoch,small_affine,independent_strategy_screen,05_online_augmentation_ablation,unetplusplus,resnet18,,"(256, 256)",8,0.0001,0.0001,42,cuda,0.3571444347700396
val,1,0.8990806168523328,0.5831377831194992,0.5684838149331127,0.3242925741737016,725,91,42.878939654212445,,online_aug_unetplusplus_resnet18_small_affine_256px_5epoch,small_affine,independent_strategy_screen,05_online_augmentation_ablation,unetplusplus,resnet18,,"(256, 256)",8,0.0001,0.0001,42,cuda,0.5758107990263059
train,2,0.6762532131451078,0.7160242478339968,0.6345496652664978,0.1876738860454528,1911,239,155.62084046611562,,online_aug_unetplusplus_resnet18_small_affine_256px_5epoch,small_affine,independent_strategy_screen,05_online_augmentation_ablation,unetplusplus,resnet18,,"(256, 256)",8,0.0001,0.0001,42,cuda,0.6752869565502473
val,2,0.542761707799188,0.7636531889511331,0.7074993184070206,0.1020416024102344,725,91,42.23927967110649,,online_aug_unetplusplus_resnet18_small_affine_256px_5epoch,small_affine,independent_strategy_screen,05_online_augmentation_ablation,unetplusplus,resnet18,,"(256, 256)",8,0.0001,0.0001,42,cuda,0.7355762536790769
train,3,0.4099528705930285,0.7597289925228052,0.6827196083723694,0.1143947792253504,1911,239,155.0232572373934,,online_aug_unetplusplus_resnet18_small_affine_256px_5epoch,small_affine,independent_strategy_screen,05_online_augmentation_ablation,unetplusplus,resnet18,,"(256, 256)",8,0.0001,0.0001,42,cuda,0.7212243004475873
val,3,0.3613748031649096,0.6963149084334904,0.664412282960966,0.1001527537763723,725,91,42.33502684161067,,online_aug_unetplusplus_resnet18_small_affine_256px_5epoch,small_affine,independent_strategy_screen,05_online_augmentation_ablation,unetplusplus,resnet18,,"(256, 256)",8,0.0001,0.0001,42,cuda,0.6803635956972283
train,4,0.2508784534886268,0.7972299882227005,0.7093243066649512,0.1040827940613017,1911,239,154.54838446481153,,online_aug_unetplusplus_resnet18_small_affine_256px_5epoch,small_affine,independent_strategy_screen,05_online_augmentation_ablation,unetplusplus,resnet18,,"(256, 256)",8,0.0001,0.0001,42,cuda,0.7532771474438258
val,4,0.2014424253332203,0.8250897685650318,0.7654810429685015,0.0838491415826275,725,91,42.76734844734892,,online_aug_unetplusplus_resnet18_small_affine_256px_5epoch,small_affine,independent_strategy_screen,05_online_augmentation_ablation,unetplusplus,resnet18,,"(256, 256)",8,0.0001,0.0001,42,cuda,0.7952854057667667
train,5,0.1936343838677613,0.8166090625117873,0.7228923941742635,0.096102204841863,1911,239,155.1360741397366,,online_aug_unetplusplus_resnet18_small_affine_256px_5epoch,small_affine,independent_strategy_screen,05_online_augmentation_ablation,unetplusplus,resnet18,,"(256, 256)",8,0.0001,0.0001,42,cuda,0.7697507283430254
val,5,0.1671719593220743,0.8414158698215144,0.7817062880267973,0.0687186171922053,725,91,42.76802673190832,,online_aug_unetplusplus_resnet18_small_affine_256px_5epoch,small_affine,independent_strategy_screen,05_online_augmentation_ablation,unetplusplus,resnet18,,"(256, 256)",8,0.0001,0.0001,42,cuda,0.8115610789241559
train,1,1.3921818574768656,0.3846995374794581,0.304273893638456,0.4296195731308859,1911,239,170.95676568197086,,online_aug_unetplusplus_resnet18_global_photometric_256px_5epoch,global_photometric,independent_strategy_screen,05_online_augmentation_ablation,unetplusplus,resnet18,,"(256, 256)",8,0.0001,0.0001,42,cuda,0.344486715558957
val,1,0.916301537217765,0.6712352361566478,0.651666970317333,0.33064342149795,725,91,49.47315507614985,,online_aug_unetplusplus_resnet18_global_photometric_256px_5epoch,global_photometric,independent_strategy_screen,05_online_augmentation_ablation,unetplusplus,resnet18,,"(256, 256)",8,0.0001,0.0001,42,cuda,0.6614511032369904
train,2,0.7165458718873268,0.713039453346728,0.6400433953509527,0.1656520955213749,1911,239,151.57194386376068,,online_aug_unetplusplus_resnet18_global_photometric_256px_5epoch,global_photometric,independent_strategy_screen,05_online_augmentation_ablation,unetplusplus,resnet18,,"(256, 256)",8,0.0001,0.0001,42,cuda,0.6765414243488403
val,2,0.5948005615842753,0.756774981300442,0.6409083399915987,0.1364367105706855,725,91,41.71588956564665,,online_aug_unetplusplus_resnet18_global_photometric_256px_5epoch,global_photometric,independent_strategy_screen,05_online_augmentation_ablation,unetplusplus,resnet18,,"(256, 256)",8,0.0001,0.0001,42,cuda,0.6988416606460204
train,3,0.4092968525311387,0.7607842144100264,0.6749449832937853,0.1156286850327351,1911,239,155.31026337482035,,online_aug_unetplusplus_resnet18_global_photometric_256px_5epoch,global_photometric,independent_strategy_screen,05_online_augmentation_ablation,unetplusplus,resnet18,,"(256, 256)",8,0.0001,0.0001,42,cuda,0.7178645988519059
val,3,0.3038117387788049,0.758664091349057,0.7413744587683665,0.0839339654558417,725,91,41.96161288116127,,online_aug_unetplusplus_resnet18_global_photometric_256px_5epoch,global_photometric,independent_strategy_screen,05_online_augmentation_ablation,unetplusplus,resnet18,,"(256, 256)",8,0.0001,0.0001,42,cuda,0.7500192750587118
train,4,0.2421536917214865,0.7927973528814873,0.7114456783036852,0.1008615380642692,1911,239,151.16437521390617,,online_aug_unetplusplus_resnet18_global_photometric_256px_5epoch,global_photometric,independent_strategy_screen,05_online_augmentation_ablation,unetplusplus,resnet18,,"(256, 256)",8,0.0001,0.0001,42,cuda,0.7521215155925862
val,4,0.2014359644980266,0.8136974701025552,0.759505196270449,0.0740402111964438,725,91,41.98914453666657,,online_aug_unetplusplus_resnet18_global_photometric_256px_5epoch,global_photometric,independent_strategy_screen,05_online_augmentation_ablation,unetplusplus,resnet18,,"(256, 256)",8,0.0001,0.0001,42,cuda,0.786601333186502
train,5,0.1819152803959988,0.8241172536071982,0.7344259940238785,0.0890658229241238,1911,239,155.5077091776766,,online_aug_unetplusplus_resnet18_global_photometric_256px_5epoch,global_photometric,independent_strategy_screen,05_online_augmentation_ablation,unetplusplus,resnet18,,"(256, 256)",8,0.0001,0.0001,42,cuda,0.7792716238155384
val,5,0.1767999605680334,0.8164117189333584,0.7733652464921893,0.0826571267847447,725,91,42.49188248813152,,online_aug_unetplusplus_resnet18_global_photometric_256px_5epoch,global_photometric,independent_strategy_screen,05_online_augmentation_ablation,unetplusplus,resnet18,,"(256, 256)",8,0.0001,0.0001,42,cuda,0.7948884827127738
train,1,1.378194968716628,0.412936934128451,0.3245914602736956,0.4071155630104558,1911,239,93.39130810275674,,online_aug_unetplusplus_resnet18_defocus_blur_256px_5epoch,defocus_blur,independent_strategy_screen,05_online_augmentation_ablation,unetplusplus,resnet18,,"(256, 256)",8,0.0001,0.0001,42,cuda,0.3687641972010733
val,1,0.9072888966264396,0.625982027584031,0.6162077414738408,0.3093998869180866,725,91,30.069611472077668,,online_aug_unetplusplus_resnet18_defocus_blur_256px_5epoch,defocus_blur,independent_strategy_screen,05_online_augmentation_ablation,unetplusplus,resnet18,,"(256, 256)",8,0.0001,0.0001,42,cuda,0.6210948845289359
train,2,0.6887465150240265,0.7274257639460555,0.6432391483698326,0.196629117992221,1911,239,80.3025994412601,,online_aug_unetplusplus_resnet18_defocus_blur_256px_5epoch,defocus_blur,independent_strategy_screen,05_online_augmentation_ablation,unetplusplus,resnet18,,"(256, 256)",8,0.0001,0.0001,42,cuda,0.6853324561579441
val,2,0.5262134811795991,0.7437404676809323,0.7097483537120521,0.1010031844214058,725,91,23.81128115998581,,online_aug_unetplusplus_resnet18_defocus_blur_256px_5epoch,defocus_blur,independent_strategy_screen,05_online_augmentation_ablation,unetplusplus,resnet18,,"(256, 256)",8,0.0001,0.0001,42,cuda,0.7267444106964922
train,3,0.3833544104745536,0.7705580768379597,0.6780243596367593,0.1147979233098132,1911,239,80.32586500700563,,online_aug_unetplusplus_resnet18_defocus_blur_256px_5epoch,defocus_blur,independent_strategy_screen,05_online_augmentation_ablation,unetplusplus,resnet18,,"(256, 256)",8,0.0001,0.0001,42,cuda,0.7242912182373595
val,3,0.2850922244992749,0.8024741704333527,0.7511663558619169,0.0736653445360694,725,91,24.04697094904259,,online_aug_unetplusplus_resnet18_defocus_blur_256px_5epoch,defocus_blur,independent_strategy_screen,05_online_augmentation_ablation,unetplusplus,resnet18,,"(256, 256)",8,0.0001,0.0001,42,cuda,0.7768202631476349
train,4,0.238187045451548,0.8052154670404439,0.7144926533279139,0.098680704874892,1911,239,81.14110425114632,,online_aug_unetplusplus_resnet18_defocus_blur_256px_5epoch,defocus_blur,independent_strategy_screen,05_online_augmentation_ablation,unetplusplus,resnet18,,"(256, 256)",8,0.0001,0.0001,42,cuda,0.7598540601841789
val,4,0.1992460717003921,0.8221498680897185,0.76975781399949,0.0780870344018834,725,91,24.109985994640738,,online_aug_unetplusplus_resnet18_defocus_blur_256px_5epoch,defocus_blur,independent_strategy_screen,05_online_augmentation_ablation,unetplusplus,resnet18,,"(256, 256)",8,0.0001,0.0001,42,cuda,0.7959538410446042
train,5,0.1842035534711236,0.8278501778916527,0.7315180094117211,0.0915580917247566,1911,239,79.57919883774593,,online_aug_unetplusplus_resnet18_defocus_blur_256px_5epoch,defocus_blur,independent_strategy_screen,05_online_augmentation_ablation,unetplusplus,resnet18,,"(256, 256)",8,0.0001,0.0001,42,cuda,0.7796840936516869
val,5,0.1712927445049943,0.8288505399989189,0.7772983901244095,0.0749996675610265,725,91,23.999791849870235,,online_aug_unetplusplus_resnet18_defocus_blur_256px_5epoch,defocus_blur,independent_strategy_screen,05_online_augmentation_ablation,unetplusplus,resnet18,,"(256, 256)",8,0.0001,0.0001,42,cuda,0.8030744650616641
train,1,1.3837811265049151,0.3974152694071097,0.3179808623690096,0.4296930623053511,1911,239,81.45682052988559,,online_aug_unetplusplus_resnet18_low_resolution_256px_5epoch,low_resolution,independent_strategy_screen,05_online_augmentation_ablation,unetplusplus,resnet18,,"(256, 256)",8,0.0001,0.0001,42,cuda,0.3576980658880597
val,1,0.9008855071561088,0.623429382440378,0.6403613584784558,0.3230878520779429,725,91,24.35130167286843,,online_aug_unetplusplus_resnet18_low_resolution_256px_5epoch,low_resolution,independent_strategy_screen,05_online_augmentation_ablation,unetplusplus,resnet18,,"(256, 256)",8,0.0001,0.0001,42,cuda,0.6318953704594169
train,2,0.6832342641569444,0.7185293094624577,0.6327658198895191,0.2215576645361999,1911,239,81.15621465677395,,online_aug_unetplusplus_resnet18_low_resolution_256px_5epoch,low_resolution,independent_strategy_screen,05_online_augmentation_ablation,unetplusplus,resnet18,,"(256, 256)",8,0.0001,0.0001,42,cuda,0.6756475646759884
val,2,0.5414982238309137,0.7380436965409902,0.7024308985119437,0.0945550669356897,725,91,24.27569986507297,,online_aug_unetplusplus_resnet18_low_resolution_256px_5epoch,low_resolution,independent_strategy_screen,05_online_augmentation_ablation,unetplusplus,resnet18,,"(256, 256)",8,0.0001,0.0001,42,cuda,0.720237297526467
train,3,0.4018037687228775,0.7641196208539702,0.6775091208090266,0.118454549131678,1911,239,80.54557287693024,,online_aug_unetplusplus_resnet18_low_resolution_256px_5epoch,low_resolution,independent_strategy_screen,05_online_augmentation_ablation,unetplusplus,resnet18,,"(256, 256)",8,0.0001,0.0001,42,cuda,0.7208143708314985
val,3,0.3220704726104079,0.7494640645756768,0.703386674822234,0.0979664757853111,725,91,23.835983457043767,,online_aug_unetplusplus_resnet18_low_resolution_256px_5epoch,low_resolution,independent_strategy_screen,05_online_augmentation_ablation,unetplusplus,resnet18,,"(256, 256)",8,0.0001,0.0001,42,cuda,0.7264253696989554
train,4,0.2428062797559611,0.8025757033361038,0.7140799864874917,0.0990063519228151,1911,239,80.61759105930105,,online_aug_unetplusplus_resnet18_low_resolution_256px_5epoch,low_resolution,independent_strategy_screen,05_online_augmentation_ablation,unetplusplus,resnet18,,"(256, 256)",8,0.0001,0.0001,42,cuda,0.7583278449117978
val,4,0.2029309152529157,0.8163875352743504,0.7618287331874706,0.0736617386471528,725,91,23.812382041942328,,online_aug_unetplusplus_resnet18_low_resolution_256px_5epoch,low_resolution,independent_strategy_screen,05_online_augmentation_ablation,unetplusplus,resnet18,,"(256, 256)",8,0.0001,0.0001,42,cuda,0.7891081342309105
train,5,0.1843850835183102,0.8258571817027933,0.7313193846968028,0.0937496518951699,1911,239,80.63931229431182,,online_aug_unetplusplus_resnet18_low_resolution_256px_5epoch,low_resolution,independent_strategy_screen,05_online_augmentation_ablation,unetplusplus,resnet18,,"(256, 256)",8,0.0001,0.0001,42,cuda,0.7785882831997981
val,5,0.1785593511934938,0.811911134880708,0.7639016761678499,0.0782031804077491,725,91,24.2460005437024,,online_aug_unetplusplus_resnet18_low_resolution_256px_5epoch,low_resolution,independent_strategy_screen,05_online_augmentation_ablation,unetplusplus,resnet18,,"(256, 256)",8,0.0001,0.0001,42,cuda,0.7879064055242789
train,1,1.3605738234170628,0.3925221777339007,0.3457838478084609,0.4174342550976701,1911,239,79.09343797294423,,online_aug_unetplusplus_resnet18_jpeg_compression_256px_5epoch,jpeg_compression,independent_strategy_screen,05_online_augmentation_ablation,unetplusplus,resnet18,,"(256, 256)",8,0.0001,0.0001,42,cuda,0.3691530127711808
val,1,0.8509654939585719,0.6417154584569182,0.6608810516983297,0.3444827291650271,725,91,25.343473454006016,,online_aug_unetplusplus_resnet18_jpeg_compression_256px_5epoch,jpeg_compression,independent_strategy_screen,05_online_augmentation_ablation,unetplusplus,resnet18,,"(256, 256)",8,0.0001,0.0001,42,cuda,0.651298255077624
train,2,0.6431214427180717,0.7252925420910029,0.6348475686864542,0.1997733335193467,1911,239,78.77578182471916,,online_aug_unetplusplus_resnet18_jpeg_compression_256px_5epoch,jpeg_compression,independent_strategy_screen,05_online_augmentation_ablation,unetplusplus,resnet18,,"(256, 256)",8,0.0001,0.0001,42,cuda,0.6800700553887286
val,2,0.4985690218004687,0.741409663493763,0.6949011673018866,0.1090924617371335,725,91,24.12982309097424,,online_aug_unetplusplus_resnet18_jpeg_compression_256px_5epoch,jpeg_compression,independent_strategy_screen,05_online_augmentation_ablation,unetplusplus,resnet18,,"(256, 256)",8,0.0001,0.0001,42,cuda,0.7181554153978248
train,3,0.3564687496950837,0.7694452687480668,0.6824140910669143,0.1149129172049731,1911,239,78.76716984575614,,online_aug_unetplusplus_resnet18_jpeg_compression_256px_5epoch,jpeg_compression,independent_strategy_screen,05_online_augmentation_ablation,unetplusplus,resnet18,,"(256, 256)",8,0.0001,0.0001,42,cuda,0.7259296799074906
val,3,0.2991525968600964,0.7275848940858552,0.7027465744120646,0.0843572623232617,725,91,24.22925203619525,,online_aug_unetplusplus_resnet18_jpeg_compression_256px_5epoch,jpeg_compression,independent_strategy_screen,05_online_augmentation_ablation,unetplusplus,resnet18,,"(256, 256)",8,0.0001,0.0001,42,cuda,0.7151657342489599
train,4,0.2254511031694027,0.8059900565437338,0.7158998621493945,0.1002953201095994,1911,239,77.94956016493961,,online_aug_unetplusplus_resnet18_jpeg_compression_256px_5epoch,jpeg_compression,independent_strategy_screen,05_online_augmentation_ablation,unetplusplus,resnet18,,"(256, 256)",8,0.0001,0.0001,42,cuda,0.7609449593465641
val,4,0.2039296531882779,0.8042483693133441,0.7414715352403213,0.0890455479003974,725,91,24.426377402152863,,online_aug_unetplusplus_resnet18_jpeg_compression_256px_5epoch,jpeg_compression,independent_strategy_screen,05_online_augmentation_ablation,unetplusplus,resnet18,,"(256, 256)",8,0.0001,0.0001,42,cuda,0.7728599522768327
train,5,0.1773139809763662,0.8287865646809066,0.7376417333088293,0.089679503849268,1911,239,78.76384307211265,,online_aug_unetplusplus_resnet18_jpeg_compression_256px_5epoch,jpeg_compression,independent_strategy_screen,05_online_augmentation_ablation,unetplusplus,resnet18,,"(256, 256)",8,0.0001,0.0001,42,cuda,0.783214148994868
val,5,0.1727988348541588,0.8241280442554095,0.7524188820623584,0.0822910385527273,725,91,23.7019113432616,,online_aug_unetplusplus_resnet18_jpeg_compression_256px_5epoch,jpeg_compression,independent_strategy_screen,05_online_augmentation_ablation,unetplusplus,resnet18,,"(256, 256)",8,0.0001,0.0001,42,cuda,0.7882734631588839
train,1,1.376007668950806,0.3994405286474269,0.3244430794929482,0.4490818480076362,1911,239,81.1184177082032,,online_aug_unetplusplus_resnet18_vignette_illumination_256px_5epoch,vignette_illumination,independent_strategy_screen,05_online_augmentation_ablation,unetplusplus,resnet18,,"(256, 256)",8,0.0001,0.0001,42,cuda,0.3619418040701875
val,1,0.900557043634612,0.5930944606024746,0.6116054223151786,0.3497364044430285,725,91,24.46879602316767,,online_aug_unetplusplus_resnet18_vignette_illumination_256px_5epoch,vignette_illumination,independent_strategy_screen,05_online_augmentation_ablation,unetplusplus,resnet18,,"(256, 256)",8,0.0001,0.0001,42,cuda,0.6023499414588266
train,2,0.6766767797826909,0.7187513337660565,0.646027940280323,0.1882472455329614,1911,239,79.85367066320032,,online_aug_unetplusplus_resnet18_vignette_illumination_256px_5epoch,vignette_illumination,independent_strategy_screen,05_online_augmentation_ablation,unetplusplus,resnet18,,"(256, 256)",8,0.0001,0.0001,42,cuda,0.6823896370231897
val,2,0.5344603052221496,0.719489222523238,0.7001790668028155,0.0979240739711305,725,91,23.72784509882331,,online_aug_unetplusplus_resnet18_vignette_illumination_256px_5epoch,vignette_illumination,independent_strategy_screen,05_online_augmentation_ablation,unetplusplus,resnet18,,"(256, 256)",8,0.0001,0.0001,42,cuda,0.7098341446630267
train,3,0.3829628098142016,0.7661378816870298,0.6839538767856298,0.1135230009310142,1911,239,79.53509688796476,,online_aug_unetplusplus_resnet18_vignette_illumination_256px_5epoch,vignette_illumination,independent_strategy_screen,05_online_augmentation_ablation,unetplusplus,resnet18,,"(256, 256)",8,0.0001,0.0001,42,cuda,0.7250458792363298
val,3,0.3002367364949193,0.7639231587524677,0.7464533648339977,0.0933959243891359,725,91,24.19005140895024,,online_aug_unetplusplus_resnet18_vignette_illumination_256px_5epoch,vignette_illumination,independent_strategy_screen,05_online_augmentation_ablation,unetplusplus,resnet18,,"(256, 256)",8,0.0001,0.0001,42,cuda,0.7551882617932327
train,4,0.2386626998895378,0.8042217097740924,0.7101772398001334,0.1006188047143018,1911,239,79.24368851585314,,online_aug_unetplusplus_resnet18_vignette_illumination_256px_5epoch,vignette_illumination,independent_strategy_screen,05_online_augmentation_ablation,unetplusplus,resnet18,,"(256, 256)",8,0.0001,0.0001,42,cuda,0.7571994747871129
val,4,0.207460326737371,0.8129419875074695,0.74961895738168,0.0854172550091933,725,91,24.10440501198173,,online_aug_unetplusplus_resnet18_vignette_illumination_256px_5epoch,vignette_illumination,independent_strategy_screen,05_online_augmentation_ablation,unetplusplus,resnet18,,"(256, 256)",8,0.0001,0.0001,42,cuda,0.7812804724445748
train,5,0.1815459564803845,0.8305490733082083,0.7366262527991515,0.0889248753552033,1911,239,79.45700743608177,,online_aug_unetplusplus_resnet18_vignette_illumination_256px_5epoch,vignette_illumination,independent_strategy_screen,05_online_augmentation_ablation,unetplusplus,resnet18,,"(256, 256)",8,0.0001,0.0001,42,cuda,0.7835876630536799
val,5,0.1839388951761969,0.8144045009871407,0.7472667661679713,0.091731556166675,725,91,24.519564039073884,,online_aug_unetplusplus_resnet18_vignette_illumination_256px_5epoch,vignette_illumination,independent_strategy_screen,05_online_augmentation_ablation,unetplusplus,resnet18,,"(256, 256)",8,0.0001,0.0001,42,cuda,0.7808356335775559
train,1,0.946205770669964,0.5440290798254281,0.2935333609696403,0.2919519155167388,1911,239,78.43267960427329,,online_aug_unet_resnet18_horizontal_flip_256px_5epoch,horizontal_flip,independent_strategy_screen,05_online_augmentation_ablation,unet,resnet18,,"(256, 256)",8,0.0001,0.0001,42,cuda,0.4187812203975342
val,1,0.6175523262188353,0.7320569636040646,0.692953280344763,0.113462147066423,725,91,22.92460428411141,,online_aug_unet_resnet18_horizontal_flip_256px_5epoch,horizontal_flip,independent_strategy_screen,05_online_augmentation_ablation,unet,resnet18,,"(256, 256)",8,0.0001,0.0001,42,cuda,0.7125051219744138
train,2,0.4536569304081983,0.7264809473861921,0.6531742795068806,0.1223412647902825,1911,239,77.03282142616808,,online_aug_unet_resnet18_horizontal_flip_256px_5epoch,horizontal_flip,independent_strategy_screen,05_online_augmentation_ablation,unet,resnet18,,"(256, 256)",8,0.0001,0.0001,42,cuda,0.6898276134465363
val,2,0.3353296091227696,0.7364936734511935,0.6936433154600633,0.1042633354187151,725,91,22.940788191277534,,online_aug_unet_resnet18_horizontal_flip_256px_5epoch,horizontal_flip,independent_strategy_screen,05_online_augmentation_ablation,unet,resnet18,,"(256, 256)",8,0.0001,0.0001,42,cuda,0.7150684944556285
train,3,0.2655325388484198,0.7715647970659395,0.6874335828709275,0.108231848769634,1911,239,79.09769944567233,,online_aug_unet_resnet18_horizontal_flip_256px_5epoch,horizontal_flip,independent_strategy_screen,05_online_augmentation_ablation,unet,resnet18,,"(256, 256)",8,0.0001,0.0001,42,cuda,0.7294991899684335
val,3,0.2321572574664806,0.7774882254186113,0.7182842496488354,0.1093724210409018,725,91,22.96402505319565,,online_aug_unet_resnet18_horizontal_flip_256px_5epoch,horizontal_flip,independent_strategy_screen,05_online_augmentation_ablation,unet,resnet18,,"(256, 256)",8,0.0001,0.0001,42,cuda,0.7478862375337234
train,4,0.2014613221884397,0.8000269511664881,0.7095186999160413,0.1011727839413776,1911,239,77.87683151103556,,online_aug_unet_resnet18_horizontal_flip_256px_5epoch,horizontal_flip,independent_strategy_screen,05_online_augmentation_ablation,unet,resnet18,,"(256, 256)",8,0.0001,0.0001,42,cuda,0.7547728255412647
val,4,0.1850830326820242,0.8049903347114824,0.7595397469292687,0.0757548536965259,725,91,23.18646698305384,,online_aug_unet_resnet18_horizontal_flip_256px_5epoch,horizontal_flip,independent_strategy_screen,05_online_augmentation_ablation,unet,resnet18,,"(256, 256)",8,0.0001,0.0001,42,cuda,0.7822650408203755
train,5,0.1728332724669789,0.8212714141844114,0.7297817603402774,0.0934830798721671,1911,239,77.5545405219309,,online_aug_unet_resnet18_horizontal_flip_256px_5epoch,horizontal_flip,independent_strategy_screen,05_online_augmentation_ablation,unet,resnet18,,"(256, 256)",8,0.0001,0.0001,42,cuda,0.7755265872623445
val,5,0.1771435126765021,0.8003252851612631,0.7499308787848759,0.0858986071288127,725,91,23.237043416127563,,online_aug_unet_resnet18_horizontal_flip_256px_5epoch,horizontal_flip,independent_strategy_screen,05_online_augmentation_ablation,unet,resnet18,,"(256, 256)",8,0.0001,0.0001,42,cuda,0.7751280819730695
train,1,0.9564546584958248,0.520612015657134,0.2789029052330332,0.2764282802267439,1911,239,80.74442579597235,,online_aug_unet_resnet18_small_affine_256px_5epoch,small_affine,independent_strategy_screen,05_online_augmentation_ablation,unet,resnet18,,"(256, 256)",8,0.0001,0.0001,42,cuda,0.3997574604450836
val,1,0.6228273256893816,0.7309236988584705,0.6581538395778621,0.1322682780725274,725,91,23.56433216808364,,online_aug_unet_resnet18_small_affine_256px_5epoch,small_affine,independent_strategy_screen,05_online_augmentation_ablation,unet,resnet18,,"(256, 256)",8,0.0001,0.0001,42,cuda,0.6945387692181664
train,2,0.4570373447854627,0.7226572711990465,0.6464789271972066,0.125542604956862,1911,239,80.42931165732443,,online_aug_unet_resnet18_small_affine_256px_5epoch,small_affine,independent_strategy_screen,05_online_augmentation_ablation,unet,resnet18,,"(256, 256)",8,0.0001,0.0001,42,cuda,0.6845680991981266
val,2,0.3382425038156838,0.7362476105666206,0.684288467351402,0.1173961652706284,725,91,23.11465609166771,,online_aug_unet_resnet18_small_affine_256px_5epoch,small_affine,independent_strategy_screen,05_online_augmentation_ablation,unet,resnet18,,"(256, 256)",8,0.0001,0.0001,42,cuda,0.7102680389590112
train,3,0.2701537844820961,0.7655809690881393,0.6810752068985753,0.1101907419206391,1911,239,80.99535633204505,,online_aug_unet_resnet18_small_affine_256px_5epoch,small_affine,independent_strategy_screen,05_online_augmentation_ablation,unet,resnet18,,"(256, 256)",8,0.0001,0.0001,42,cuda,0.7233280879933572
val,3,0.2493695733259464,0.7214915346085515,0.7399537436067992,0.0987802863776003,725,91,23.160358673892915,,online_aug_unet_resnet18_small_affine_256px_5epoch,small_affine,independent_strategy_screen,05_online_augmentation_ablation,unet,resnet18,,"(256, 256)",8,0.0001,0.0001,42,cuda,0.7307226391076753
train,4,0.2043097352385832,0.7978884621570443,0.7054414022279669,0.1031293723298572,1911,239,80.3827856592834,,online_aug_unet_resnet18_small_affine_256px_5epoch,small_affine,independent_strategy_screen,05_online_augmentation_ablation,unet,resnet18,,"(256, 256)",8,0.0001,0.0001,42,cuda,0.7516649321925056
val,4,0.18157220209467,0.8136884774072604,0.7702575923249139,0.0764617568679676,725,91,23.48202765872702,,online_aug_unet_resnet18_small_affine_256px_5epoch,small_affine,independent_strategy_screen,05_online_augmentation_ablation,unet,resnet18,,"(256, 256)",8,0.0001,0.0001,42,cuda,0.7919730348660872
train,5,0.1805391824569832,0.8115733767138215,0.716035863716794,0.0994269401288968,1911,239,81.25393728911877,,online_aug_unet_resnet18_small_affine_256px_5epoch,small_affine,independent_strategy_screen,05_online_augmentation_ablation,unet,resnet18,,"(256, 256)",8,0.0001,0.0001,42,cuda,0.7638046202153077
val,5,0.1699148539839119,0.8124576489361701,0.7558557562542567,0.0776466890310734,725,91,23.283560779877007,,online_aug_unet_resnet18_small_affine_256px_5epoch,small_affine,independent_strategy_screen,05_online_augmentation_ablation,unet,resnet18,,"(256, 256)",8,0.0001,0.0001,42,cuda,0.7841567025952134
train,1,0.9534782302560512,0.5211403877684636,0.2644824804523376,0.3005387076639101,1911,239,78.57552225980908,,online_aug_unet_resnet18_global_photometric_256px_5epoch,global_photometric,independent_strategy_screen,05_online_augmentation_ablation,unet,resnet18,,"(256, 256)",8,0.0001,0.0001,42,cuda,0.3928114341104006
val,1,0.6100557120092984,0.727486577176864,0.673507863255087,0.1115619416700731,725,91,23.255051700863987,,online_aug_unet_resnet18_global_photometric_256px_5epoch,global_photometric,independent_strategy_screen,05_online_augmentation_ablation,unet,resnet18,,"(256, 256)",8,0.0001,0.0001,42,cuda,0.7004972202159756
train,2,0.46168479898848,0.7221530555224838,0.6462794413124244,0.1239725646565119,1911,239,78.62402651784942,,online_aug_unet_resnet18_global_photometric_256px_5epoch,global_photometric,independent_strategy_screen,05_online_augmentation_ablation,unet,resnet18,,"(256, 256)",8,0.0001,0.0001,42,cuda,0.6842162484174541
val,2,0.3513788029243206,0.712875146588356,0.6581682712916944,0.1127335968715688,725,91,22.88352622790262,,online_aug_unet_resnet18_global_photometric_256px_5epoch,global_photometric,independent_strategy_screen,05_online_augmentation_ablation,unet,resnet18,,"(256, 256)",8,0.0001,0.0001,42,cuda,0.6855217089400252
train,3,0.2664639608108953,0.7736643969279927,0.6864206107217103,0.1082997152797465,1911,239,79.51755221327767,,online_aug_unet_resnet18_global_photometric_256px_5epoch,global_photometric,independent_strategy_screen,05_online_augmentation_ablation,unet,resnet18,,"(256, 256)",8,0.0001,0.0001,42,cuda,0.7300425038248515
val,3,0.2275249446671584,0.7816980871742784,0.7447277557745364,0.0788618191024806,725,91,24.09828816493973,,online_aug_unet_resnet18_global_photometric_256px_5epoch,global_photometric,independent_strategy_screen,05_online_augmentation_ablation,unet,resnet18,,"(256, 256)",8,0.0001,0.0001,42,cuda,0.7632129214744074
train,4,0.1974886830317169,0.8061289391198464,0.7175143214145688,0.0967556788526084,1911,239,80.04813798097894,,online_aug_unet_resnet18_global_photometric_256px_5epoch,global_photometric,independent_strategy_screen,05_online_augmentation_ablation,unet,resnet18,,"(256, 256)",8,0.0001,0.0001,42,cuda,0.7618216302672076
val,4,0.1785229569262471,0.8132052038294387,0.7620342465717515,0.072486266537452,725,91,23.53468631207943,,online_aug_unet_resnet18_global_photometric_256px_5epoch,global_photometric,independent_strategy_screen,05_online_augmentation_ablation,unet,resnet18,,"(256, 256)",8,0.0001,0.0001,42,cuda,0.7876197252005951
train,5,0.1682557004680813,0.8244146265809444,0.7405151715241596,0.0899858117280243,1911,239,79.38586442079395,,online_aug_unet_resnet18_global_photometric_256px_5epoch,global_photometric,independent_strategy_screen,05_online_augmentation_ablation,unet,resnet18,,"(256, 256)",8,0.0001,0.0001,42,cuda,0.782464899052552
val,5,0.1642086872561224,0.8177306464675667,0.7637524044674345,0.0737477652865246,725,91,23.39970846893266,,online_aug_unet_resnet18_global_photometric_256px_5epoch,global_photometric,independent_strategy_screen,05_online_augmentation_ablation,unet,resnet18,,"(256, 256)",8,0.0001,0.0001,42,cuda,0.7907415254675005
train,1,0.9438314179298704,0.5426699693299515,0.2824113200590655,0.2864767982040099,1911,239,78.46574057312682,,online_aug_unet_resnet18_defocus_blur_256px_5epoch,defocus_blur,independent_strategy_screen,05_online_augmentation_ablation,unet,resnet18,,"(256, 256)",8,0.0001,0.0001,42,cuda,0.4125406446945085
val,1,0.6304223345065939,0.6849525761626395,0.6988120751983027,0.1122814957554407,725,91,23.802112454082817,,online_aug_unet_resnet18_defocus_blur_256px_5epoch,defocus_blur,independent_strategy_screen,05_online_augmentation_ablation,unet,resnet18,,"(256, 256)",8,0.0001,0.0001,42,cuda,0.6918823256804711
train,2,0.4531824113747513,0.7284717511885217,0.652129600600516,0.1224897252382003,1911,239,76.79509101668373,,online_aug_unet_resnet18_defocus_blur_256px_5epoch,defocus_blur,independent_strategy_screen,05_online_augmentation_ablation,unet,resnet18,,"(256, 256)",8,0.0001,0.0001,42,cuda,0.6903006758945188
val,2,0.3398303697438075,0.7492834147601702,0.6931098046619963,0.1042890549529102,725,91,22.93374428199604,,online_aug_unet_resnet18_defocus_blur_256px_5epoch,defocus_blur,independent_strategy_screen,05_online_augmentation_ablation,unet,resnet18,,"(256, 256)",8,0.0001,0.0001,42,cuda,0.7211966097110833
train,3,0.2640246757189682,0.77495200639113,0.6815023933926221,0.1106501260491234,1911,239,77.5092049986124,,online_aug_unet_resnet18_defocus_blur_256px_5epoch,defocus_blur,independent_strategy_screen,05_online_augmentation_ablation,unet,resnet18,,"(256, 256)",8,0.0001,0.0001,42,cuda,0.7282271998918761
val,3,0.2277566453917273,0.7706287936624184,0.7405242087781319,0.1003096624457355,725,91,23.74065699055791,,online_aug_unet_resnet18_defocus_blur_256px_5epoch,defocus_blur,independent_strategy_screen,05_online_augmentation_ablation,unet,resnet18,,"(256, 256)",8,0.0001,0.0001,42,cuda,0.7555765012202751
train,4,0.1957994283087774,0.809120967733964,0.7133622091361584,0.0989718295345952,1911,239,76.39216488506645,,online_aug_unet_resnet18_defocus_blur_256px_5epoch,defocus_blur,independent_strategy_screen,05_online_augmentation_ablation,unet,resnet18,,"(256, 256)",8,0.0001,0.0001,42,cuda,0.7612415884350612
val,4,0.1781727723006544,0.8200029247409958,0.7595873617832668,0.0735679929796866,725,91,23.66618466703221,,online_aug_unet_resnet18_defocus_blur_256px_5epoch,defocus_blur,independent_strategy_screen,05_online_augmentation_ablation,unet,resnet18,,"(256, 256)",8,0.0001,0.0001,42,cuda,0.7897951432621313
train,5,0.1687625104815844,0.8225317905491496,0.7410492835508526,0.090508228647798,1911,239,76.40889943717048,,online_aug_unet_resnet18_defocus_blur_256px_5epoch,defocus_blur,independent_strategy_screen,05_online_augmentation_ablation,unet,resnet18,,"(256, 256)",8,0.0001,0.0001,42,cuda,0.7817905370500011
val,5,0.19201462297604,0.785091635625221,0.7163719605201724,0.1016118141444938,725,91,22.67720973817632,,online_aug_unet_resnet18_defocus_blur_256px_5epoch,defocus_blur,independent_strategy_screen,05_online_augmentation_ablation,unet,resnet18,,"(256, 256)",8,0.0001,0.0001,42,cuda,0.7507317980726966
train,1,0.9331617944531264,0.5502217123798435,0.3188985456694774,0.2731865602022042,1911,239,80.0899567892775,,online_aug_unet_resnet18_low_resolution_256px_5epoch,low_resolution,independent_strategy_screen,05_online_augmentation_ablation,unet,resnet18,,"(256, 256)",8,0.0001,0.0001,42,cuda,0.4345601290246604
val,1,0.6131246424543446,0.7051520646911502,0.6379315888223765,0.1375399378854218,725,91,23.859803126193583,,online_aug_unet_resnet18_low_resolution_256px_5epoch,low_resolution,independent_strategy_screen,05_online_augmentation_ablation,unet,resnet18,,"(256, 256)",8,0.0001,0.0001,42,cuda,0.6715418267567634
train,2,0.4457704356551357,0.7328721891340682,0.6526904550635495,0.1213227945201907,1911,239,77.50162195786834,,online_aug_unet_resnet18_low_resolution_256px_5epoch,low_resolution,independent_strategy_screen,05_online_augmentation_ablation,unet,resnet18,,"(256, 256)",8,0.0001,0.0001,42,cuda,0.6927813220988088
val,2,0.3366842023257551,0.7420602044236644,0.6908250213962285,0.1108322514954956,725,91,22.886486049275845,,online_aug_unet_resnet18_low_resolution_256px_5epoch,low_resolution,independent_strategy_screen,05_online_augmentation_ablation,unet,resnet18,,"(256, 256)",8,0.0001,0.0001,42,cuda,0.7164426129099464
train,3,0.2605751130373174,0.7749503703084057,0.6842841844618052,0.1118121512108678,1911,239,76.55760715622455,,online_aug_unet_resnet18_low_resolution_256px_5epoch,low_resolution,independent_strategy_screen,05_online_augmentation_ablation,unet,resnet18,,"(256, 256)",8,0.0001,0.0001,42,cuda,0.7296172773851055
val,3,0.239514693638374,0.7536450148589048,0.7035866516596836,0.114223263295693,725,91,22.860132687259465,,online_aug_unet_resnet18_low_resolution_256px_5epoch,low_resolution,independent_strategy_screen,05_online_augmentation_ablation,unet,resnet18,,"(256, 256)",8,0.0001,0.0001,42,cuda,0.7286158332592942
train,4,0.1969561752834474,0.8051282388591282,0.7122887256941571,0.0986051639281917,1911,239,76.98354184813797,,online_aug_unet_resnet18_low_resolution_256px_5epoch,low_resolution,independent_strategy_screen,05_online_augmentation_ablation,unet,resnet18,,"(256, 256)",8,0.0001,0.0001,42,cuda,0.7587084822766427
val,4,0.1794506127258827,0.8117360233157899,0.7685606314380348,0.0705810077073639,725,91,23.228037979919463,,online_aug_unet_resnet18_low_resolution_256px_5epoch,low_resolution,independent_strategy_screen,05_online_augmentation_ablation,unet,resnet18,,"(256, 256)",8,0.0001,0.0001,42,cuda,0.7901483273769123
train,5,0.1692254386144368,0.8223820838019658,0.7381590498071593,0.0899914670184223,1911,239,77.55425042985007,,online_aug_unet_resnet18_low_resolution_256px_5epoch,low_resolution,independent_strategy_screen,05_online_augmentation_ablation,unet,resnet18,,"(256, 256)",8,0.0001,0.0001,42,cuda,0.7802705668045625
val,5,0.181673020227202,0.7963683172785059,0.7314412134038708,0.0918208736940039,725,91,22.80656908918172,,online_aug_unet_resnet18_low_resolution_256px_5epoch,low_resolution,independent_strategy_screen,05_online_augmentation_ablation,unet,resnet18,,"(256, 256)",8,0.0001,0.0001,42,cuda,0.7639047653411883
train,1,0.951944821670628,0.5376252407468229,0.2727317899750244,0.2876510139542438,1911,239,77.70647320896387,,online_aug_unet_resnet18_jpeg_compression_256px_5epoch,jpeg_compression,independent_strategy_screen,05_online_augmentation_ablation,unet,resnet18,,"(256, 256)",8,0.0001,0.0001,42,cuda,0.4051785153609236
val,1,0.6211126513316714,0.6809617776482342,0.6708921806489581,0.1580926731320069,725,91,23.02672187704593,,online_aug_unet_resnet18_jpeg_compression_256px_5epoch,jpeg_compression,independent_strategy_screen,05_online_augmentation_ablation,unet,resnet18,,"(256, 256)",8,0.0001,0.0001,42,cuda,0.6759269791485961
train,2,0.4540730036253208,0.7291229564529929,0.6489130423980073,0.1228751391011879,1911,239,77.6901106769219,,online_aug_unet_resnet18_jpeg_compression_256px_5epoch,jpeg_compression,independent_strategy_screen,05_online_augmentation_ablation,unet,resnet18,,"(256, 256)",8,0.0001,0.0001,42,cuda,0.6890179994255001
val,2,0.3394579650204757,0.7414750107281994,0.6820561090129437,0.1185964300525147,725,91,22.798381615895774,,online_aug_unet_resnet18_jpeg_compression_256px_5epoch,jpeg_compression,independent_strategy_screen,05_online_augmentation_ablation,unet,resnet18,,"(256, 256)",8,0.0001,0.0001,42,cuda,0.7117655598705716
train,3,0.2650559453175742,0.7733026336200934,0.6850946713870011,0.1106221480291783,1911,239,77.53301104204729,,online_aug_unet_resnet18_jpeg_compression_256px_5epoch,jpeg_compression,independent_strategy_screen,05_online_augmentation_ablation,unet,resnet18,,"(256, 256)",8,0.0001,0.0001,42,cuda,0.7291986525035472
val,3,0.2279852450305018,0.7808774131099593,0.7157095759930316,0.0988650840521975,725,91,22.882345115300268,,online_aug_unet_resnet18_jpeg_compression_256px_5epoch,jpeg_compression,independent_strategy_screen,05_online_augmentation_ablation,unet,resnet18,,"(256, 256)",8,0.0001,0.0001,42,cuda,0.7482934945514954
train,4,0.1974959376671126,0.8072333694287428,0.7104706904294544,0.0996831200902573,1911,239,77.32431252487004,,online_aug_unet_resnet18_jpeg_compression_256px_5epoch,jpeg_compression,independent_strategy_screen,05_online_augmentation_ablation,unet,resnet18,,"(256, 256)",8,0.0001,0.0001,42,cuda,0.7588520299290986
val,4,0.1875791811120921,0.8038398753001551,0.760447171856399,0.0734985410768418,725,91,23.00295486301184,,online_aug_unet_resnet18_jpeg_compression_256px_5epoch,jpeg_compression,independent_strategy_screen,05_online_augmentation_ablation,unet,resnet18,,"(256, 256)",8,0.0001,0.0001,42,cuda,0.782143523578277
train,5,0.170329320667022,0.8233363249067133,0.7316166805185627,0.0947407703041728,1911,239,77.48763500386849,,online_aug_unet_resnet18_jpeg_compression_256px_5epoch,jpeg_compression,independent_strategy_screen,05_online_augmentation_ablation,unet,resnet18,,"(256, 256)",8,0.0001,0.0001,42,cuda,0.777476502712638
val,5,0.176576638365614,0.8040605771171118,0.7461644569156938,0.0809608359178357,725,91,22.85347282094881,,online_aug_unet_resnet18_jpeg_compression_256px_5epoch,jpeg_compression,independent_strategy_screen,05_online_augmentation_ablation,unet,resnet18,,"(256, 256)",8,0.0001,0.0001,42,cuda,0.7751125170164028
train,1,0.9456105459615985,0.540536019443499,0.2557101077078649,0.3010110272292845,1911,239,77.90546075906605,,online_aug_unet_resnet18_vignette_illumination_256px_5epoch,vignette_illumination,independent_strategy_screen,05_online_augmentation_ablation,unet,resnet18,,"(256, 256)",8,0.0001,0.0001,42,cuda,0.39812306357568195
val,1,0.6282624030935353,0.6585683948058276,0.6235471798040687,0.1987101331656056,725,91,23.230795485898852,,online_aug_unet_resnet18_vignette_illumination_256px_5epoch,vignette_illumination,independent_strategy_screen,05_online_augmentation_ablation,unet,resnet18,,"(256, 256)",8,0.0001,0.0001,42,cuda,0.6410577873049481
train,2,0.44833358864956413,0.7295014883613228,0.6508102281767021,0.11967327671291145,1911,239,76.40465505234897,,online_aug_unet_resnet18_vignette_illumination_256px_5epoch,vignette_illumination,independent_strategy_screen,05_online_augmentation_ablation,unet,resnet18,,"(256, 256)",8,0.0001,0.0001,42,cuda,0.6901558582690124
val,2,0.34046256945050996,0.7550033373556916,0.6909238128637226,0.10811150193913933,725,91,24.236489350907505,,online_aug_unet_resnet18_vignette_illumination_256px_5epoch,vignette_illumination,independent_strategy_screen,05_online_augmentation_ablation,unet,resnet18,,"(256, 256)",8,0.0001,0.0001,42,cuda,0.7229635751097071
train,3,0.26035659055726057,0.7748620876154938,0.6864674725409472,0.10798071052379896,1911,239,77.53978559793904,,online_aug_unet_resnet18_vignette_illumination_256px_5epoch,vignette_illumination,independent_strategy_screen,05_online_augmentation_ablation,unet,resnet18,,"(256, 256)",8,0.0001,0.0001,42,cuda,0.7306647800782204
val,3,0.22377919264908494,0.7779130649409941,0.7274134819676347,0.0865932584324022,725,91,22.30987109988928,,online_aug_unet_resnet18_vignette_illumination_256px_5epoch,vignette_illumination,independent_strategy_screen,05_online_augmentation_ablation,unet,resnet18,,"(256, 256)",8,0.0001,0.0001,42,cuda,0.7526632734543144
train,4,0.1928942136852483,0.8113305896408873,0.7145147967759193,0.09924734970544517,1911,239,75.58776719029993,,online_aug_unet_resnet18_vignette_illumination_256px_5epoch,vignette_illumination,independent_strategy_screen,05_online_augmentation_ablation,unet,resnet18,,"(256, 256)",8,0.0001,0.0001,42,cuda,0.7629226932084033
val,4,0.17716543199687168,0.8191781559710722,0.7717426847657669,0.0712930777384243,725,91,22.367916278075427,,online_aug_unet_resnet18_vignette_illumination_256px_5epoch,vignette_illumination,independent_strategy_screen,05_online_augmentation_ablation,unet,resnet18,,"(256, 256)",8,0.0001,0.0001,42,cuda,0.7954604203684196
train,5,0.16603682677917989,0.8266562678920103,0.741241051099803,0.09006359082493519,1911,239,76.2022127150558,,online_aug_unet_resnet18_vignette_illumination_256px_5epoch,vignette_illumination,independent_strategy_screen,05_online_augmentation_ablation,unet,resnet18,,"(256, 256)",8,0.0001,0.0001,42,cuda,0.7839486594959066
val,5,0.16049550985467845,0.8293544693335022,0.7782517991232364,0.07237884090087,725,91,22.92031160881743,,online_aug_unet_resnet18_vignette_illumination_256px_5epoch,vignette_illumination,independent_strategy_screen,05_online_augmentation_ablation,unet,resnet18,,"(256, 256)",8,0.0001,0.0001,42,cuda,0.8038031342283694
